C,Story,Emotion,Val
0.004188087569121756,Boredom,Boredom,0.7268647494024851
0.004188087569121756,Boredom,Fear,0.00036004363725204225
0.004188087569121756,Boredom,Happiness,0.2467779873570496
0.004188087569121756,Boredom,Joy,0.0022614503162921643
0.004188087569121756,Boredom,Pride,0.022140554984719625
0.004188087569121756,Boredom,Sadness,0.0008426167662162855
0.004188087569121756,Boredom,Shame,0.0007525975359853343
0.004188087569121756,Fear,Boredom,0.0006546419872849876
0.004188087569121756,Fear,Fear,0.755581382449208
0.004188087569121756,Fear,Happiness,0.0008131902993613878
0.004188087569121756,Fear,Joy,0.008168365821947556
0.004188087569121756,Fear,Pride,0.002365592601089652
0.004188087569121756,Fear,Sadness,0.138138652964114
0.004188087569121756,Fear,Shame,0.09427817387699433
0.004188087569121756,Happiness,Boredom,0.29627328187934304
0.004188087569121756,Happiness,Fear,0.0016726924922524375
0.004188087569121756,Happiness,Happiness,0.40891041480552576
0.004188087569121756,Happiness,Joy,0.029442833696519465
0.004188087569121756,Happiness,Pride,0.25408339910548977
0.004188087569121756,Happiness,Sadness,0.002722056127329845
0.004188087569121756,Happiness,Shame,0.006895321893539638
0.004188087569121756,Joy,Boredom,0.002377409403087888
0.004188087569121756,Joy,Fear,0.002296866811600286
0.004188087569121756,Joy,Happiness,0.019749096715837564
0.004188087569121756,Joy,Joy,0.41842776689064387
0.004188087569121756,Joy,Pride,0.5486882962272085
0.004188087569121756,Joy,Sadness,0.000768869811691628
0.004188087569121756,Joy,Shame,0.0076916941399302816
0.004188087569121756,Pride,Boredom,0.011211877705100771
0.004188087569121756,Pride,Fear,0.0021487091107378806
0.004188087569121756,Pride,Happiness,0.04888354387801736
0.004188087569121756,Pride,Joy,0.35844129979681894
0.004188087569121756,Pride,Pride,0.564682055557623
0.004188087569121756,Pride,Sadness,0.0022179889048352954
0.004188087569121756,Pride,Shame,0.012414525046866779
0.004188087569121756,Sadness,Boredom,0.03735171109033941
0.004188087569121756,Sadness,Fear,0.08312768417855271
0.004188087569121756,Sadness,Happiness,0.02512214347907446
0.004188087569121756,Sadness,Joy,0.01153929423601312
0.004188087569121756,Sadness,Pride,0.06482831714566327
0.004188087569121756,Sadness,Sadness,0.6876941832500035
0.004188087569121756,Sadness,Shame,0.09033666662035313
0.004188087569121756,Shame,Boredom,0.026919366694540293
0.004188087569121756,Shame,Fear,0.21026646822019496
0.004188087569121756,Shame,Happiness,0.0150140629074388
0.004188087569121756,Shame,Joy,0.2209931868898061
0.004188087569121756,Shame,Pride,0.39008666410018805
0.004188087569121756,Shame,Sadness,0.046699864731027246
0.004188087569121756,Shame,Shame,0.09002038645680419
0.004727465268970516,Boredom,Boredom,0.8981554901373642
0.004727465268970516,Boredom,Fear,0.00011969061683930668
0.004727465268970516,Boredom,Happiness,0.09917101776435472
0.004727465268970516,Boredom,Joy,0.0003155377251582998
0.004727465268970516,Boredom,Pride,0.0018905999222847399
0.004727465268970516,Boredom,Sadness,0.00014803942663801868
0.004727465268970516,Boredom,Shame,0.00019962440736063356
0.004727465268970516,Fear,Boredom,0.0007470922825436499
0.004727465268970516,Fear,Fear,0.9451903349913165
0.004727465268970516,Fear,Happiness,0.000979731708573317
0.004727465268970516,Fear,Joy,0.0014339527466346882
0.004727465268970516,Fear,Pride,0.0015625880841749836
0.004727465268970516,Fear,Sadness,0.009139387247351822
0.004727465268970516,Fear,Shame,0.040946912939405014
0.004727465268970516,Happiness,Boredom,0.2487673038033775
0.004727465268970516,Happiness,Fear,0.0007413923593062687
0.004727465268970516,Happiness,Happiness,0.49911293808273227
0.004727465268970516,Happiness,Joy,0.020752288158329076
0.004727465268970516,Happiness,Pride,0.22534614529747993
0.004727465268970516,Happiness,Sadness,0.0012826720144003476
0.004727465268970516,Happiness,Shame,0.003997260284374498
0.004727465268970516,Joy,Boredom,0.001209739783703539
0.004727465268970516,Joy,Fear,0.0008287718999507155
0.004727465268970516,Joy,Happiness,0.0020344325387083436
0.004727465268970516,Joy,Joy,0.402097113155988
0.004727465268970516,Joy,Pride,0.592795740907776
0.004727465268970516,Joy,Sadness,0.0003021399715637481
0.004727465268970516,Joy,Shame,0.0007320617423093466
0.004727465268970516,Pride,Boredom,0.006999968063343833
0.004727465268970516,Pride,Fear,0.0008129720819010666
0.004727465268970516,Pride,Happiness,0.024287064612746465
0.004727465268970516,Pride,Joy,0.32214860382566035
0.004727465268970516,Pride,Pride,0.6424547125627763
0.004727465268970516,Pride,Sadness,0.0010207693087804996
0.004727465268970516,Pride,Shame,0.0022759095447912564
0.004727465268970516,Sadness,Boredom,0.03356237466901075
0.004727465268970516,Sadness,Fear,0.034739020608196815
0.004727465268970516,Sadness,Happiness,0.018179139845744697
0.004727465268970516,Sadness,Joy,0.010467154589438938
0.004727465268970516,Sadness,Pride,0.06920719301946633
0.004727465268970516,Sadness,Sadness,0.7764393144622059
0.004727465268970516,Sadness,Shame,0.05740580280593681
0.004727465268970516,Shame,Boredom,0.025933635953139477
0.004727465268970516,Shame,Fear,0.22464745989797882
0.004727465268970516,Shame,Happiness,0.008144567135199019
0.004727465268970516,Shame,Joy,0.2050125216852922
0.004727465268970516,Shame,Pride,0.3988054367750307
0.004727465268970516,Shame,Sadness,0.031833750713894604
0.004727465268970516,Shame,Shame,0.10562262783946486
0.005778861006553646,Boredom,Boredom,0.9992749682531892
0.005778861006553646,Boredom,Fear,0.00011606480549077009
0.005778861006553646,Boredom,Happiness,8.558682463588805e-06
0.005778861006553646,Boredom,Joy,0.00016367588527251074
0.005778861006553646,Boredom,Pride,0.00013026666244737715
0.005778861006553646,Boredom,Sadness,0.00010920111010543265
0.005778861006553646,Boredom,Shame,0.00019726460103106002
0.005778861006553646,Fear,Boredom,0.0006418416535505749
0.005778861006553646,Fear,Fear,0.9817625174507507
0.005778861006553646,Fear,Happiness,0.0006810410823149941
0.005778861006553646,Fear,Joy,0.00090854507996636
0.005778861006553646,Fear,Pride,0.0012499462040588445
0.005778861006553646,Fear,Sadness,0.0022098204283223584
0.005778861006553646,Fear,Shame,0.0125462881010363
0.005778861006553646,Happiness,Boredom,0.17840955379556986
0.005778861006553646,Happiness,Fear,0.00022422906663774325
0.005778861006553646,Happiness,Happiness,0.6864733305387584
0.005778861006553646,Happiness,Joy,0.006035233649466031
0.005778861006553646,Happiness,Pride,0.12652455304680432
0.005778861006553646,Happiness,Sadness,0.0003901054954167163
0.005778861006553646,Happiness,Shame,0.0019429944073465594
0.005778861006553646,Joy,Boredom,0.0009589279284822053
0.005778861006553646,Joy,Fear,0.0006992315971890641
0.005778861006553646,Joy,Happiness,0.0005788287751971484
0.005778861006553646,Joy,Joy,0.323726165200899
0.005778861006553646,Joy,Pride,0.6733071380377018
0.005778861006553646,Joy,Sadness,0.0002848119142857338
0.005778861006553646,Joy,Shame,0.00044489654624463385
0.005778861006553646,Pride,Boredom,0.004213680817395562
0.005778861006553646,Pride,Fear,0.0006941806204303079
0.005778861006553646,Pride,Happiness,0.015869237792878823
0.005778861006553646,Pride,Joy,0.19543917969403884
0.005778861006553646,Pride,Pride,0.7819545851443054
0.005778861006553646,Pride,Sadness,0.0008510553013956052
0.005778861006553646,Pride,Shame,0.0009780806295557251
0.005778861006553646,Sadness,Boredom,0.03280889760049844
0.005778861006553646,Sadness,Fear,0.028155445626708422
0.005778861006553646,Sadness,Happiness,0.010808843348934928
0.005778861006553646,Sadness,Joy,0.009260744682123187
0.005778861006553646,Sadness,Pride,0.07581876150332177
0.005778861006553646,Sadness,Sadness,0.795381305244282
0.005778861006553646,Sadness,Shame,0.04776600199413143
0.005778861006553646,Shame,Boredom,0.028963947298201398
0.005778861006553646,Shame,Fear,0.22698387209125237
0.005778861006553646,Shame,Happiness,0.006718906902419138
0.005778861006553646,Shame,Joy,0.13050467356204415
0.005778861006553646,Shame,Pride,0.43195164742766634
0.005778861006553646,Shame,Sadness,0.02780252055409928
0.005778861006553646,Shame,Shame,0.14707443216431706
0.006078393747284316,Boredom,Boredom,0.999277321592965
0.006078393747284316,Boredom,Fear,0.00011928037236016593
0.006078393747284316,Boredom,Happiness,1.6707770746497429e-06
0.006078393747284316,Boredom,Joy,0.0001644694267861674
0.006078393747284316,Boredom,Pride,0.0001355899932884069
0.006078393747284316,Boredom,Sadness,0.00010886747717946498
0.006078393747284316,Boredom,Shame,0.00019280036034639825
0.006078393747284316,Fear,Boredom,0.0006409079822209231
0.006078393747284316,Fear,Fear,0.9827590070546626
0.006078393747284316,Fear,Happiness,0.0006691453765047816
0.006078393747284316,Fear,Joy,0.0009006161032231252
0.006078393747284316,Fear,Pride,0.0012095728496433163
0.006078393747284316,Fear,Sadness,0.0017807312696965175
0.006078393747284316,Fear,Shame,0.012040019364048787
0.006078393747284316,Happiness,Boredom,0.2528308327949073
0.006078393747284316,Happiness,Fear,0.0007835531724872511
0.006078393747284316,Happiness,Happiness,0.5833496686591799
0.006078393747284316,Happiness,Joy,0.006972389450590346
0.006078393747284316,Happiness,Pride,0.15120735851059358
0.006078393747284316,Happiness,Sadness,0.0011134312135916056
0.006078393747284316,Happiness,Shame,0.003742766198649981
0.006078393747284316,Joy,Boredom,0.0008869559282028733
0.006078393747284316,Joy,Fear,0.0006968539707264582
0.006078393747284316,Joy,Happiness,0.0006442775952055016
0.006078393747284316,Joy,Joy,0.29333290783070787
0.006078393747284316,Joy,Pride,0.7036775230493375
0.006078393747284316,Joy,Sadness,0.0002809523977677925
0.006078393747284316,Joy,Shame,0.00048052922805166625
0.006078393747284316,Pride,Boredom,0.00352230846013045
0.006078393747284316,Pride,Fear,0.0006241668461444507
0.006078393747284316,Pride,Happiness,0.013274231908325372
0.006078393747284316,Pride,Joy,0.153751443696539
0.006078393747284316,Pride,Pride,0.8271440394223971
0.006078393747284316,Pride,Sadness,0.0007367394454135897
0.006078393747284316,Pride,Shame,0.0009470702210499569
0.006078393747284316,Sadness,Boredom,0.03337202482623463
0.006078393747284316,Sadness,Fear,0.024221633190208574
0.006078393747284316,Sadness,Happiness,0.009267237371810526
0.006078393747284316,Sadness,Joy,0.008866903873633404
0.006078393747284316,Sadness,Pride,0.07868508734988593
0.006078393747284316,Sadness,Sadness,0.7992851720280129
0.006078393747284316,Sadness,Shame,0.04630194136021474
0.006078393747284316,Shame,Boredom,0.030688449352916664
0.006078393747284316,Shame,Fear,0.20491561624973464
0.006078393747284316,Shame,Happiness,0.007836785929877948
0.006078393747284316,Shame,Joy,0.10991837307250275
0.006078393747284316,Shame,Pride,0.4591182121700699
0.006078393747284316,Shame,Sadness,0.030519739093139084
0.006078393747284316,Shame,Shame,0.15700282413175892
0.00464371856798702,Boredom,Boredom,0.8705450353520731
0.00464371856798702,Boredom,Fear,0.00012620923607954
0.00464371856798702,Boredom,Happiness,0.12504661554791055
0.00464371856798702,Boredom,Joy,0.0004413063684860594
0.00464371856798702,Boredom,Pride,0.0034511430747759296
0.00464371856798702,Boredom,Sadness,0.00017777360864298692
0.00464371856798702,Boredom,Shame,0.00021191681203190464
0.00464371856798702,Fear,Boredom,0.0007945822682719605
0.00464371856798702,Fear,Fear,0.9374567927523078
0.00464371856798702,Fear,Happiness,0.001043049503013552
0.00464371856798702,Fear,Joy,0.0016598837117677667
0.00464371856798702,Fear,Pride,0.001646304768571648
0.00464371856798702,Fear,Sadness,0.01060496333681719
0.00464371856798702,Fear,Shame,0.046794423659250066
0.00464371856798702,Happiness,Boredom,0.256936143437138
0.00464371856798702,Happiness,Fear,0.0008812028000256704
0.00464371856798702,Happiness,Happiness,0.47828148555816324
0.00464371856798702,Happiness,Joy,0.02256585009262935
0.00464371856798702,Happiness,Pride,0.2353624337428161
0.00464371856798702,Happiness,Sadness,0.0014941123892381002
0.00464371856798702,Happiness,Shame,0.004478771979989419
0.00464371856798702,Joy,Boredom,0.0012670802519922305
0.00464371856798702,Joy,Fear,0.0008978110997439608
0.00464371856798702,Joy,Happiness,0.0034357114319554026
0.00464371856798702,Joy,Joy,0.40608953430367406
0.00464371856798702,Joy,Pride,0.5869089239052613
0.00464371856798702,Joy,Sadness,0.00031298735855062526
0.00464371856798702,Joy,Shame,0.001087951648822506
0.00464371856798702,Pride,Boredom,0.007347874669795248
0.00464371856798702,Pride,Fear,0.0008363249355249179
0.00464371856798702,Pride,Happiness,0.026572769329960326
0.00464371856798702,Pride,Joy,0.3298057116950483
0.00464371856798702,Pride,Pride,0.6314011135733194
0.00464371856798702,Pride,Sadness,0.0010450522989588053
0.00464371856798702,Pride,Shame,0.0029911534973926317
0.00464371856798702,Sadness,Boredom,0.03387707275804209
0.00464371856798702,Sadness,Fear,0.03542208002519547
0.00464371856798702,Sadness,Happiness,0.018783820701684065
0.00464371856798702,Sadness,Joy,0.010547119221226914
0.00464371856798702,Sadness,Pride,0.06902388750333803
0.00464371856798702,Sadness,Sadness,0.7708070651010502
0.00464371856798702,Sadness,Shame,0.06153895468946342
0.00464371856798702,Shame,Boredom,0.025963559900951425
0.00464371856798702,Shame,Fear,0.22295714965153865
0.00464371856798702,Shame,Happiness,0.008767536051747127
0.00464371856798702,Shame,Joy,0.20789234621131028
0.00464371856798702,Shame,Pride,0.39891913162939335
0.00464371856798702,Shame,Sadness,0.03260263101631667
0.00464371856798702,Shame,Shame,0.1028976455387422
0.0056300653645060626,Boredom,Boredom,0.9992223638960541
0.0056300653645060626,Boredom,Fear,0.00011666306389865257
0.0056300653645060626,Boredom,Happiness,5.5891873410483326e-05
0.0056300653645060626,Boredom,Joy,0.0001652046492357448
0.0056300653645060626,Boredom,Pride,0.00012951880408124694
0.0056300653645060626,Boredom,Sadness,0.00011280686770339327
0.0056300653645060626,Boredom,Shame,0.000197550845616357
0.0056300653645060626,Fear,Boredom,0.0006370524185401724
0.0056300653645060626,Fear,Fear,0.9803984191174921
0.0056300653645060626,Fear,Happiness,0.0006933181535849138
0.0056300653645060626,Fear,Joy,0.0009147065819224704
0.0056300653645060626,Fear,Pride,0.00127399431177552
0.0056300653645060626,Fear,Sadness,0.0025448444182936377
0.0056300653645060626,Fear,Shame,0.013537664998391114
0.0056300653645060626,Happiness,Boredom,0.15741669565756541
0.0056300653645060626,Happiness,Fear,0.00015996845435304534
0.0056300653645060626,Happiness,Happiness,0.7150703311138216
0.0056300653645060626,Happiness,Joy,0.006219685164334502
0.0056300653645060626,Happiness,Pride,0.11918501416975508
0.0056300653645060626,Happiness,Sadness,0.000307837613983311
0.0056300653645060626,Happiness,Shame,0.0016404678261868972
0.0056300653645060626,Joy,Boredom,0.0009981337815648738
0.0056300653645060626,Joy,Fear,0.0006968563852667156
0.0056300653645060626,Joy,Happiness,0.0005186117257134241
0.0056300653645060626,Joy,Joy,0.3374351922813069
0.0056300653645060626,Joy,Pride,0.6596545958489326
0.0056300653645060626,Joy,Sadness,0.00028510291908486
0.0056300653645060626,Joy,Shame,0.00041150705813043474
0.0056300653645060626,Pride,Boredom,0.004641168771815467
0.0056300653645060626,Pride,Fear,0.0007313844047354919
0.0056300653645060626,Pride,Happiness,0.016691292278407977
0.0056300653645060626,Pride,Joy,0.21576616212374533
0.0056300653645060626,Pride,Pride,0.7602817898865109
0.0056300653645060626,Pride,Sadness,0.0009044779355322769
0.0056300653645060626,Pride,Shame,0.0009837245992526254
0.0056300653645060626,Sadness,Boredom,0.03223163663664331
0.0056300653645060626,Sadness,Fear,0.029927394121973046
0.0056300653645060626,Sadness,Happiness,0.011625773891420317
0.0056300653645060626,Sadness,Joy,0.009490507824424585
0.0056300653645060626,Sadness,Pride,0.07570305821920303
0.0056300653645060626,Sadness,Sadness,0.793805612800651
0.0056300653645060626,Sadness,Shame,0.04721601650568479
0.0056300653645060626,Shame,Boredom,0.028306109459818075
0.0056300653645060626,Shame,Fear,0.23365651057878953
0.0056300653645060626,Shame,Happiness,0.006597765873533554
0.0056300653645060626,Shame,Joy,0.14247730945475412
0.0056300653645060626,Shame,Pride,0.42205078606515567
0.0056300653645060626,Shame,Sadness,0.0271183698153199
0.0056300653645060626,Shame,Shame,0.13979314875262921
0.004739758703365971,Boredom,Boredom,0.9020937233364792
0.004739758703365971,Boredom,Fear,0.00011826231345442375
0.004739758703365971,Boredom,Happiness,0.09542609537501388
0.004739758703365971,Boredom,Joy,0.00030221764653816683
0.004739758703365971,Boredom,Pride,0.0017155610862922017
0.004739758703365971,Boredom,Sadness,0.00014589747428492172
0.004739758703365971,Boredom,Shame,0.00019824276793725123
0.004739758703365971,Fear,Boredom,0.0007404966425429303
0.004739758703365971,Fear,Fear,0.9463663230699091
0.004739758703365971,Fear,Happiness,0.0009695919274742657
0.004739758703365971,Fear,Joy,0.0014048262038206991
0.004739758703365971,Fear,Pride,0.0015479469859838715
0.004739758703365971,Fear,Sadness,0.008921455819091038
0.004739758703365971,Fear,Shame,0.04004935935117827
0.004739758703365971,Happiness,Boredom,0.24773814922819723
0.004739758703365971,Happiness,Fear,0.0007239525945073383
0.004739758703365971,Happiness,Happiness,0.5024763281302298
0.004739758703365971,Happiness,Joy,0.02046216926456425
0.004739758703365971,Happiness,Pride,0.22340063227740245
0.004739758703365971,Happiness,Sadness,0.0012575703407765924
0.004739758703365971,Happiness,Shame,0.003941198164322184
0.004739758703365971,Joy,Boredom,0.0012046872066355386
0.004739758703365971,Joy,Fear,0.0008233712222744254
0.004739758703365971,Joy,Happiness,0.0018708996546700977
0.004739758703365971,Joy,Joy,0.4014664070633298
0.004739758703365971,Joy,Pride,0.5936355625825572
0.004739758703365971,Joy,Sadness,0.0003010560490772523
0.004739758703365971,Joy,Shame,0.0006980162214560934
0.004739758703365971,Pride,Boredom,0.0069602271676907435
0.004739758703365971,Pride,Fear,0.0008109268737949391
0.004739758703365971,Pride,Happiness,0.02378145042707853
0.004739758703365971,Pride,Joy,0.3210703532015326
0.004739758703365971,Pride,Pride,0.6441562936900755
0.004739758703365971,Pride,Sadness,0.001020203535165558
0.004739758703365971,Pride,Shame,0.0022005451046618802
0.004739758703365971,Sadness,Boredom,0.033519388074097885
0.004739758703365971,Sadness,Fear,0.03461753576326027
0.004739758703365971,Sadness,Happiness,0.018060127751292426
0.004739758703365971,Sadness,Joy,0.010438171013682888
0.004739758703365971,Sadness,Pride,0.06921739004645992
0.004739758703365971,Sadness,Sadness,0.7772029706533827
0.004739758703365971,Sadness,Shame,0.05694441669782373
0.004739758703365971,Shame,Boredom,0.025986198038785813
0.004739758703365971,Shame,Fear,0.22493592611878932
0.004739758703365971,Shame,Happiness,0.00808823314200895
0.004739758703365971,Shame,Joy,0.20467271726673927
0.004739758703365971,Shame,Pride,0.39886357562062075
0.004739758703365971,Shame,Sadness,0.03177914784679913
0.004739758703365971,Shame,Shame,0.10567420196625651
0.004885570234988265,Boredom,Boredom,0.9446658717146849
0.004885570234988265,Boredom,Fear,0.00011529412309428989
0.004885570234988265,Boredom,Happiness,0.054207579551644916
0.004885570234988265,Boredom,Joy,0.00020962632361767812
0.004885570234988265,Boredom,Pride,0.00047642584056702353
0.004885570234988265,Boredom,Sadness,0.00012758740240416912
0.004885570234988265,Boredom,Shame,0.00019761504398669777
0.004885570234988265,Fear,Boredom,0.0006865901002529316
0.004885570234988265,Fear,Fear,0.9566250257477439
0.004885570234988265,Fear,Happiness,0.0008773359308782116
0.004885570234988265,Fear,Joy,0.0011571389124948456
0.004885570234988265,Fear,Pride,0.0014408467027125316
0.004885570234988265,Fear,Sadness,0.007027721089490835
0.004885570234988265,Fear,Shame,0.03218534151642664
0.004885570234988265,Happiness,Boredom,0.2271608676691025
0.004885570234988265,Happiness,Fear,0.00044885644258695686
0.004885570234988265,Happiness,Happiness,0.5461493586015045
0.004885570234988265,Happiness,Joy,0.017132538556090805
0.004885570234988265,Happiness,Pride,0.20508790398437343
0.004885570234988265,Happiness,Sadness,0.0008516302277240676
0.004885570234988265,Happiness,Shame,0.0031688445186178137
0.004885570234988265,Joy,Boredom,0.0011549112452430073
0.004885570234988265,Joy,Fear,0.000764101219987216
0.004885570234988265,Joy,Happiness,0.0006400103404698949
0.004885570234988265,Joy,Joy,0.3932992841565963
0.004885570234988265,Joy,Pride,0.6034240539721065
0.004885570234988265,Joy,Sadness,0.000291784523394026
0.004885570234988265,Joy,Shame,0.00042585454220327916
0.004885570234988265,Pride,Boredom,0.006539437525336493
0.004885570234988265,Pride,Fear,0.0008152168539370188
0.004885570234988265,Pride,Happiness,0.019785585243369055
0.004885570234988265,Pride,Joy,0.30690505663709466
0.004885570234988265,Pride,Pride,0.6633183758046813
0.004885570234988265,Pride,Sadness,0.0010238378212920178
0.004885570234988265,Pride,Shame,0.001612490114289209
0.004885570234988265,Sadness,Boredom,0.03244084587579542
0.004885570234988265,Sadness,Fear,0.03374358258033768
0.004885570234988265,Sadness,Happiness,0.017015343498077398
0.004885570234988265,Sadness,Joy,0.01031665135846085
0.004885570234988265,Sadness,Pride,0.07137809731307718
0.004885570234988265,Sadness,Sadness,0.7827154298510588
0.004885570234988265,Sadness,Shame,0.05239004952319247
0.004885570234988265,Shame,Boredom,0.026188309322112503
0.004885570234988265,Shame,Fear,0.22887271226885936
0.004885570234988265,Shame,Happiness,0.0077049778736666035
0.004885570234988265,Shame,Joy,0.19626660179055536
0.004885570234988265,Shame,Pride,0.4007605815924019
0.004885570234988265,Shame,Sadness,0.03043311453777974
0.004885570234988265,Shame,Shame,0.10977370261462419
0.005795393111560606,Boredom,Boredom,0.9992712460225994
0.005795393111560606,Boredom,Fear,0.0001174403623603406
0.005795393111560606,Boredom,Happiness,7.202251541122848e-06
0.005795393111560606,Boredom,Joy,0.00016370214792094638
0.005795393111560606,Boredom,Pride,0.00013255894259542545
0.005795393111560606,Boredom,Sadness,0.000109261483889974
0.005795393111560606,Boredom,Shame,0.0001985887890925917
0.005795393111560606,Fear,Boredom,0.0006422292647756232
0.005795393111560606,Fear,Fear,0.9818667267996722
0.005795393111560606,Fear,Happiness,0.0006777300061875373
0.005795393111560606,Fear,Joy,0.0009088972179379285
0.005795393111560606,Fear,Pride,0.001247117303321293
0.005795393111560606,Fear,Sadness,0.002169676603871405
0.005795393111560606,Fear,Shame,0.01248762280423417
0.005795393111560606,Happiness,Boredom,0.17860381747800755
0.005795393111560606,Happiness,Fear,0.00023890659358870715
0.005795393111560606,Happiness,Happiness,0.6871226881419285
0.005795393111560606,Happiness,Joy,0.005965607024722401
0.005795393111560606,Happiness,Pride,0.1256837751312589
0.005795393111560606,Happiness,Sadness,0.00040644422349371865
0.005795393111560606,Happiness,Shame,0.0019787614070003266
0.005795393111560606,Joy,Boredom,0.0009587672434202437
0.005795393111560606,Joy,Fear,0.0006983591582258537
0.005795393111560606,Joy,Happiness,0.0005786729864354446
0.005795393111560606,Joy,Joy,0.32214747678630024
0.005795393111560606,Joy,Pride,0.6748823301193542
0.005795393111560606,Joy,Sadness,0.0002861044790055275
0.005795393111560606,Joy,Shame,0.00044828922725827886
0.005795393111560606,Pride,Boredom,0.004380081122204495
0.005795393111560606,Pride,Fear,0.0007196585300241466
0.005795393111560606,Pride,Happiness,0.015400409130616168
0.005795393111560606,Pride,Joy,0.19320039935460961
0.005795393111560606,Pride,Pride,0.7844563576540228
0.005795393111560606,Pride,Sadness,0.00085474586197724
0.005795393111560606,Pride,Shame,0.0009883483465453111
0.005795393111560606,Sadness,Boredom,0.03280834538431278
0.005795393111560606,Sadness,Fear,0.027922057516080973
0.005795393111560606,Sadness,Happiness,0.010728015306386222
0.005795393111560606,Sadness,Joy,0.009226527133784015
0.005795393111560606,Sadness,Pride,0.07586727881048709
0.005795393111560606,Sadness,Sadness,0.7955218722871108
0.005795393111560606,Sadness,Shame,0.04792590356183808
0.005795393111560606,Shame,Boredom,0.028942953582699157
0.005795393111560606,Shame,Fear,0.2253532353155987
0.005795393111560606,Shame,Happiness,0.006717414343684125
0.005795393111560606,Shame,Joy,0.12993764248889358
0.005795393111560606,Shame,Pride,0.4332093810500546
0.005795393111560606,Shame,Sadness,0.027924816870501475
0.005795393111560606,Shame,Shame,0.14791455634856868
0.004911450916331312,Boredom,Boredom,0.9511309117779736
0.004911450916331312,Boredom,Fear,0.00011484516776108996
0.004911450916331312,Boredom,Happiness,0.04784782134166777
0.004911450916331312,Boredom,Joy,0.00020367758192944212
0.004911450916331312,Boredom,Pride,0.00037796179301560686
0.004911450916331312,Boredom,Sadness,0.00012731991237386096
0.004911450916331312,Boredom,Shame,0.00019746242527866477
0.004911450916331312,Fear,Boredom,0.0006819761482583386
0.004911450916331312,Fear,Fear,0.9586567158155684
0.004911450916331312,Fear,Happiness,0.0008674630681664121
0.004911450916331312,Fear,Joy,0.0011255104576650158
0.004911450916331312,Fear,Pride,0.0014203518880794206
0.004911450916331312,Fear,Sadness,0.0066617120948540415
0.004911450916331312,Fear,Shame,0.030586270527408133
0.004911450916331312,Happiness,Boredom,0.22380972804849933
0.004911450916331312,Happiness,Fear,0.0004135536828030122
0.004911450916331312,Happiness,Happiness,0.554806412188405
0.004911450916331312,Happiness,Joy,0.016526518817809602
0.004911450916331312,Happiness,Pride,0.20060075112512218
0.004911450916331312,Happiness,Sadness,0.0007985243673906511
0.004911450916331312,Happiness,Shame,0.0030445117699702024
0.004911450916331312,Joy,Boredom,0.0011536997384334966
0.004911450916331312,Joy,Fear,0.0007588078153531305
0.004911450916331312,Joy,Happiness,0.0005322686002651905
0.004911450916331312,Joy,Joy,0.3917234176246593
0.004911450916331312,Joy,Pride,0.6051417214359465
0.004911450916331312,Joy,Sadness,0.0002923420959594056
0.004911450916331312,Joy,Shame,0.00039774268938326074
0.004911450916331312,Pride,Boredom,0.006493882133402803
0.004911450916331312,Pride,Fear,0.0008166564694654557
0.004911450916331312,Pride,Happiness,0.019202225567861865
0.004911450916331312,Pride,Joy,0.30426117437980243
0.004911450916331312,Pride,Pride,0.666663789329475
0.004911450916331312,Pride,Sadness,0.001029779587772246
0.004911450916331312,Pride,Shame,0.0015324925322204707
0.004911450916331312,Sadness,Boredom,0.032314427406359945
0.004911450916331312,Sadness,Fear,0.033573158021779785
0.004911450916331312,Sadness,Happiness,0.01685562679780887
0.004911450916331312,Sadness,Joy,0.010278216897307128
0.004911450916331312,Sadness,Pride,0.0715672256522735
0.004911450916331312,Sadness,Sadness,0.7838266404134646
0.004911450916331312,Sadness,Shame,0.05158470481100646
0.004911450916331312,Shame,Boredom,0.02627087093895897
0.004911450916331312,Shame,Fear,0.23009980916414202
0.004911450916331312,Shame,Happiness,0.007647329689194073
0.004911450916331312,Shame,Joy,0.19495983955977492
0.004911450916331312,Shame,Pride,0.4003458731178076
0.004911450916331312,Shame,Sadness,0.030287270439909485
0.004911450916331312,Shame,Shame,0.11038900709021277
0.0055554184560577995,Boredom,Boredom,0.9991324824294496
0.0055554184560577995,Boredom,Fear,0.0001159429274660349
0.0055554184560577995,Boredom,Happiness,0.0001463794224192804
0.0055554184560577995,Boredom,Joy,0.00016483064039739912
0.0055554184560577995,Boredom,Pride,0.0001308348647876349
0.0055554184560577995,Boredom,Sadness,0.00011201361454376421
0.0055554184560577995,Boredom,Shame,0.00019751610093603802
0.0055554184560577995,Fear,Boredom,0.0006352798118922386
0.0055554184560577995,Fear,Fear,0.978861871088379
0.0055554184560577995,Fear,Happiness,0.000694381417705955
0.0055554184560577995,Fear,Joy,0.0009145244524361388
0.0055554184560577995,Fear,Pride,0.0012805453732904167
0.0055554184560577995,Fear,Sadness,0.002856461151072614
0.0055554184560577995,Fear,Shame,0.014756936705224308
0.0055554184560577995,Happiness,Boredom,0.1529241896148158
0.0055554184560577995,Happiness,Fear,0.000144780295457364
0.0055554184560577995,Happiness,Happiness,0.7177288553424326
0.0055554184560577995,Happiness,Joy,0.00656459412940952
0.0055554184560577995,Happiness,Pride,0.12075668794200436
0.0055554184560577995,Happiness,Sadness,0.0002942093566934885
0.0055554184560577995,Happiness,Shame,0.001586683319186874
0.0055554184560577995,Joy,Boredom,0.0010180536213617536
0.0055554184560577995,Joy,Fear,0.0006950418131610132
0.0055554184560577995,Joy,Happiness,0.0004835705618976667
0.0055554184560577995,Joy,Joy,0.3439791460169943
0.0055554184560577995,Joy,Pride,0.6531439442685489
0.0055554184560577995,Joy,Sadness,0.00028800780255591637
0.0055554184560577995,Joy,Shame,0.00039223591548012227
0.0055554184560577995,Pride,Boredom,0.0048664666556008295
0.0055554184560577995,Pride,Fear,0.0007469372088153676
0.0055554184560577995,Pride,Happiness,0.0169193788248812
0.0055554184560577995,Pride,Joy,0.22581977965237077
0.0055554184560577995,Pride,Pride,0.7497275847347993
0.0055554184560577995,Pride,Sadness,0.0009320516279710413
0.0055554184560577995,Pride,Shame,0.0009878012955612996
0.0055554184560577995,Sadness,Boredom,0.03211720430713702
0.0055554184560577995,Sadness,Fear,0.030253653983331418
0.0055554184560577995,Sadness,Happiness,0.01199340859759374
0.0055554184560577995,Sadness,Joy,0.009570857047707045
0.0055554184560577995,Sadness,Pride,0.07529862025971512
0.0055554184560577995,Sadness,Sadness,0.7933767791595472
0.0055554184560577995,Sadness,Shame,0.04738947664496838
0.0055554184560577995,Shame,Boredom,0.02802505821462651
0.0055554184560577995,Shame,Fear,0.2330556557720187
0.0055554184560577995,Shame,Happiness,0.006632762767895536
0.0055554184560577995,Shame,Joy,0.14862196366663638
0.0055554184560577995,Shame,Pride,0.41850378630691115
0.0055554184560577995,Shame,Sadness,0.027132941028824995
0.0055554184560577995,Shame,Shame,0.13802783224308648
0.0059485037834339505,Boredom,Boredom,0.9992747561253439
0.0059485037834339505,Boredom,Fear,0.00011799987614346108
0.0059485037834339505,Boredom,Happiness,2.2266074794733547e-06
0.0059485037834339505,Boredom,Joy,0.00016262254731760984
0.0059485037834339505,Boredom,Pride,0.00013934179420153347
0.0059485037834339505,Boredom,Sadness,0.00010854552097063687
0.0059485037834339505,Boredom,Shame,0.00019450752854340995
0.0059485037834339505,Fear,Boredom,0.0006428676787267101
0.0059485037834339505,Fear,Fear,0.9825994749929817
0.0059485037834339505,Fear,Happiness,0.00066901116978969
0.0059485037834339505,Fear,Joy,0.0009026147068572853
0.0059485037834339505,Fear,Pride,0.0012279718845683203
0.0059485037834339505,Fear,Sadness,0.001918443656709712
0.0059485037834339505,Fear,Shame,0.01203961591036664
0.0059485037834339505,Happiness,Boredom,0.20485729663214206
0.0059485037834339505,Happiness,Fear,0.00036640260638750194
0.0059485037834339505,Happiness,Happiness,0.640441424938968
0.0059485037834339505,Happiness,Joy,0.006153958532063311
0.0059485037834339505,Happiness,Pride,0.14514441228227382
0.0059485037834339505,Happiness,Sadness,0.0005763723020992878
0.0059485037834339505,Happiness,Shame,0.002460132706065996
0.0059485037834339505,Joy,Boredom,0.0009309769741953607
0.0059485037834339505,Joy,Fear,0.0006970905724462807
0.0059485037834339505,Joy,Happiness,0.0006351363475332895
0.0059485037834339505,Joy,Joy,0.3069782158898539
0.0059485037834339505,Joy,Pride,0.690012637569674
0.0059485037834339505,Joy,Sadness,0.00028144857022908374
0.0059485037834339505,Joy,Shame,0.00046449407606783354
0.0059485037834339505,Pride,Boredom,0.003963804570879039
0.0059485037834339505,Pride,Fear,0.0006785231664363188
0.0059485037834339505,Pride,Happiness,0.014656878103493065
0.0059485037834339505,Pride,Joy,0.17167371969815412
0.0059485037834339505,Pride,Pride,0.8072464703819494
0.0059485037834339505,Pride,Sadness,0.00079331893421192
0.0059485037834339505,Pride,Shame,0.000987285144875969
0.0059485037834339505,Sadness,Boredom,0.033373156830307116
0.0059485037834339505,Sadness,Fear,0.026050251639181062
0.0059485037834339505,Sadness,Happiness,0.009906839131557458
0.0059485037834339505,Sadness,Joy,0.009086722688393634
0.0059485037834339505,Sadness,Pride,0.07748572104814805
0.0059485037834339505,Sadness,Sadness,0.7970684261703384
0.0059485037834339505,Sadness,Shame,0.0470288824920744
0.0059485037834339505,Shame,Boredom,0.02972982011281016
0.0059485037834339505,Shame,Fear,0.2148806166307301
0.0059485037834339505,Shame,Happiness,0.007146666662387133
0.0059485037834339505,Shame,Joy,0.1193723748875936
0.0059485037834339505,Shame,Pride,0.44599433779216596
0.0059485037834339505,Shame,Sadness,0.028887394676553983
0.0059485037834339505,Shame,Shame,0.15398878923775888
0.004729028966691853,Boredom,Boredom,0.8986587511483302
0.004729028966691853,Boredom,Fear,0.00011925353162396702
0.004729028966691853,Boredom,Happiness,0.09869341803222736
0.004729028966691853,Boredom,Joy,0.00031383811514101
0.004729028966691853,Boredom,Pride,0.0018674269774369544
0.004729028966691853,Boredom,Sadness,0.00014782827606661628
0.004729028966691853,Boredom,Shame,0.00019948391917391144
0.004729028966691853,Fear,Boredom,0.0007455571967270981
0.004729028966691853,Fear,Fear,0.9453949049426549
0.004729028966691853,Fear,Happiness,0.0009780372376745866
0.004729028966691853,Fear,Joy,0.0014293221226187426
0.004729028966691853,Fear,Pride,0.0015604392233731
0.004729028966691853,Fear,Sadness,0.009101475731583712
0.004729028966691853,Fear,Shame,0.04079026354536783
0.004729028966691853,Happiness,Boredom,0.24861957257408052
0.004729028966691853,Happiness,Fear,0.0007387099613254414
0.004729028966691853,Happiness,Happiness,0.4995335413295457
0.004729028966691853,Happiness,Joy,0.020716766227944612
0.004729028966691853,Happiness,Pride,0.2251223338567626
0.004729028966691853,Happiness,Sadness,0.0012791952953514333
0.004729028966691853,Happiness,Shame,0.003989880754989814
0.004729028966691853,Joy,Boredom,0.0012093024359451086
0.004729028966691853,Joy,Fear,0.0008281213802745563
0.004729028966691853,Joy,Happiness,0.0020130810616538646
0.004729028966691853,Joy,Joy,0.4020171319744743
0.004729028966691853,Joy,Pride,0.5929023591615085
0.004729028966691853,Joy,Sadness,0.00030207833283250706
0.004729028966691853,Joy,Shame,0.0007279256533107911
0.004729028966691853,Pride,Boredom,0.006995350131657609
0.004729028966691853,Pride,Fear,0.000812627237720898
0.004729028966691853,Pride,Happiness,0.02422183328974778
0.004729028966691853,Pride,Joy,0.3220118177303865
0.004729028966691853,Pride,Pride,0.6426714061064774
0.004729028966691853,Pride,Sadness,0.0010207539580377883
0.004729028966691853,Pride,Shame,0.0022662115459718833
0.004729028966691853,Sadness,Boredom,0.033559698329672656
0.004729028966691853,Sadness,Fear,0.03473162005134403
0.004729028966691853,Sadness,Happiness,0.018158058136410676
0.004729028966691853,Sadness,Joy,0.010469138572950468
0.004729028966691853,Sadness,Pride,0.0692476066478824
0.004729028966691853,Sadness,Sadness,0.7764953703424401
0.004729028966691853,Sadness,Shame,0.057338507919299495
0.004729028966691853,Shame,Boredom,0.02593859773020735
0.004729028966691853,Shame,Fear,0.2246308153346939
0.004729028966691853,Shame,Happiness,0.008133098859950777
0.004729028966691853,Shame,Joy,0.205035152347427
0.004729028966691853,Shame,Pride,0.39878099143309154
0.004729028966691853,Shame,Sadness,0.03182503374651782
0.004729028966691853,Shame,Shame,0.10565631054811164
0.0048678406399459495,Boredom,Boredom,0.9400141323046156
0.0048678406399459495,Boredom,Fear,0.00011529320206379736
0.0048678406399459495,Boredom,Happiness,0.05877137356663173
0.0048678406399459495,Boredom,Joy,0.00021535899826291045
0.0048678406399459495,Boredom,Pride,0.0005594215429126625
0.0048678406399459495,Boredom,Sadness,0.0001282971872688216
0.0048678406399459495,Boredom,Shame,0.00019612319824408966
0.0048678406399459495,Fear,Boredom,0.0006932872475880292
0.0048678406399459495,Fear,Fear,0.9550849183629075
0.0048678406399459495,Fear,Happiness,0.000889122757060954
0.0048678406399459495,Fear,Joy,0.0011821991354455516
0.0048678406399459495,Fear,Pride,0.0014498793821634368
0.0048678406399459495,Fear,Sadness,0.007310825716724048
0.0048678406399459495,Fear,Shame,0.033389767398110004
0.0048678406399459495,Happiness,Boredom,0.22974987454327422
0.0048678406399459495,Happiness,Fear,0.00047756998319901624
0.0048678406399459495,Happiness,Happiness,0.5403909878351986
0.0048678406399459495,Happiness,Joy,0.017536125758152568
0.0048678406399459495,Happiness,Pride,0.20769839902019382
0.0048678406399459495,Happiness,Sadness,0.0008943898302162367
0.0048678406399459495,Happiness,Shame,0.003252653029765465
0.0048678406399459495,Joy,Boredom,0.0011631296940261984
0.0048678406399459495,Joy,Fear,0.0007714948684699787
0.0048678406399459495,Joy,Happiness,0.0007299515544501215
0.0048678406399459495,Joy,Joy,0.39435350869669067
0.0048678406399459495,Joy,Pride,0.6022401735158585
0.0048678406399459495,Joy,Sadness,0.0002917491202339999
0.0048678406399459495,Joy,Shame,0.0004499925502707989
0.0048678406399459495,Pride,Boredom,0.006603614325204412
0.0048678406399459495,Pride,Fear,0.000816410006350657
0.0048678406399459495,Pride,Happiness,0.020177476403715977
0.0048678406399459495,Pride,Joy,0.30868924069024684
0.0048678406399459495,Pride,Pride,0.6610188725191237
0.0048678406399459495,Pride,Sadness,0.0010216384190219797
0.0048678406399459495,Pride,Shame,0.0016727476363363842
0.0048678406399459495,Sadness,Boredom,0.032660905205705616
0.0048678406399459495,Sadness,Fear,0.03384565469113819
0.0048678406399459495,Sadness,Happiness,0.01716849228496149
0.0048678406399459495,Sadness,Joy,0.010326099322764605
0.0048678406399459495,Sadness,Pride,0.07093047621378265
0.0048678406399459495,Sadness,Sadness,0.782134224681157
0.0048678406399459495,Sadness,Shame,0.052934147600490526
0.0048678406399459495,Shame,Boredom,0.026164066180752333
0.0048678406399459495,Shame,Fear,0.22851669854059126
0.0048678406399459495,Shame,Happiness,0.007749155509835779
0.0048678406399459495,Shame,Joy,0.19728895594420684
0.0048678406399459495,Shame,Pride,0.40021465149198676
0.0048678406399459495,Shame,Sadness,0.03057679739355451
0.0048678406399459495,Shame,Shame,0.10948967493907266
0.0051380229813162365,Boredom,Boredom,0.9882172105342689
0.0051380229813162365,Boredom,Fear,0.0001325574883445192
0.0051380229813162365,Boredom,Happiness,0.011028263366199309
0.0051380229813162365,Boredom,Joy,0.00017545262494102654
0.0051380229813162365,Boredom,Pride,0.00013049992211290615
0.0051380229813162365,Boredom,Sadness,0.00011448969747282585
0.0051380229813162365,Boredom,Shame,0.00020152636666049512
0.0051380229813162365,Fear,Boredom,0.0006461677524754357
0.0051380229813162365,Fear,Fear,0.9684926993612278
0.0051380229813162365,Fear,Happiness,0.0007767935294911435
0.0051380229813162365,Fear,Joy,0.0009962143073023876
0.0051380229813162365,Fear,Pride,0.0013446376271308007
0.0051380229813162365,Fear,Sadness,0.004861616078243582
0.0051380229813162365,Fear,Shame,0.022881871344129088
0.0051380229813162365,Happiness,Boredom,0.19130607149003953
0.0051380229813162365,Happiness,Fear,0.00020456050632005306
0.0051380229813162365,Happiness,Happiness,0.6338807819689276
0.0051380229813162365,Happiness,Joy,0.011616665305335448
0.0051380229813162365,Happiness,Pride,0.16034483677399558
0.0051380229813162365,Happiness,Sadness,0.0004538890481093195
0.0051380229813162365,Happiness,Shame,0.002193194907272612
0.0051380229813162365,Joy,Boredom,0.0011155692321527537
0.0051380229813162365,Joy,Fear,0.0007138995641544217
0.0051380229813162365,Joy,Happiness,0.00028286305215001483
0.0051380229813162365,Joy,Joy,0.37669203923897765
0.0051380229813162365,Joy,Pride,0.6205926327911072
0.0051380229813162365,Joy,Sadness,0.00028893951304577995
0.0051380229813162365,Joy,Shame,0.00031405660841134523
0.0051380229813162365,Pride,Boredom,0.005946865120049234
0.0051380229813162365,Pride,Fear,0.0008061950434401871
0.0051380229813162365,Pride,Happiness,0.017245926020840574
0.0051380229813162365,Pride,Joy,0.2789023631885449
0.0051380229813162365,Pride,Pride,0.6949413288790721
0.0051380229813162365,Pride,Sadness,0.0010229433506757286
0.0051380229813162365,Pride,Shame,0.001134378397376944
0.0051380229813162365,Sadness,Boredom,0.03207714706403752
0.0051380229813162365,Sadness,Fear,0.032701396065176844
0.0051380229813162365,Sadness,Happiness,0.014891266607680182
0.0051380229813162365,Sadness,Joy,0.010048197555990283
0.0051380229813162365,Sadness,Pride,0.07313943148404578
0.0051380229813162365,Sadness,Sadness,0.7887434472676595
0.0051380229813162365,Sadness,Shame,0.04839911395540978
0.0051380229813162365,Shame,Boredom,0.02671600785675123
0.0051380229813162365,Shame,Fear,0.23303851106219256
0.0051380229813162365,Shame,Happiness,0.007247878536110399
0.0051380229813162365,Shame,Joy,0.18079416481551994
0.0051380229813162365,Shame,Pride,0.40456214405077234
0.0051380229813162365,Shame,Sadness,0.028599796087832946
0.0051380229813162365,Shame,Shame,0.11904149759082051
0.004759105654330822,Boredom,Boredom,0.9082072941062411
0.004759105654330822,Boredom,Fear,0.0001178837955044469
0.004759105654330822,Boredom,Happiness,0.0895856164241937
0.004759105654330822,Boredom,Joy,0.00028356293378694155
0.004759105654330822,Boredom,Pride,0.0014656747933641376
0.004759105654330822,Boredom,Sadness,0.00014172393732130056
0.004759105654330822,Boredom,Shame,0.0001982440095884973
0.004759105654330822,Fear,Boredom,0.0007343366474252548
0.004759105654330822,Fear,Fear,0.947717208677865
0.004759105654330822,Fear,Happiness,0.0009579672977932957
0.004759105654330822,Fear,Joy,0.001364305167101275
0.004759105654330822,Fear,Pride,0.0015320682939618305
0.004759105654330822,Fear,Sadness,0.008669290541827869
0.004759105654330822,Fear,Shame,0.03902482337402557
0.004759105654330822,Happiness,Boredom,0.24492646226295978
0.004759105654330822,Happiness,Fear,0.0006801036626319292
0.004759105654330822,Happiness,Happiness,0.50770176783967
0.004759105654330822,Happiness,Joy,0.020052224765024197
0.004759105654330822,Happiness,Pride,0.2216132415372446
0.004759105654330822,Happiness,Sadness,0.0011967372378961384
0.004759105654330822,Happiness,Shame,0.0038294626945735047
0.004759105654330822,Joy,Boredom,0.0012004216173580285
0.004759105654330822,Joy,Fear,0.0008106301006855404
0.004759105654330822,Joy,Happiness,0.0016340842820734714
0.004759105654330822,Joy,Joy,0.400455570929768
0.004759105654330822,Joy,Pride,0.5949530451482594
0.004759105654330822,Joy,Sadness,0.0003011565232593651
0.004759105654330822,Joy,Shame,0.0006450913985965579
0.004759105654330822,Pride,Boredom,0.006913336631105219
0.004759105654330822,Pride,Fear,0.0008107079616993896
0.004759105654330822,Pride,Happiness,0.0232675777980037
0.004759105654330822,Pride,Joy,0.3192080850599938
0.004759105654330822,Pride,Pride,0.6466795417290759
0.004759105654330822,Pride,Sadness,0.0010243805674810217
0.004759105654330822,Pride,Shame,0.0020963702526411135
0.004759105654330822,Sadness,Boredom,0.03334170749850971
0.004759105654330822,Sadness,Fear,0.034437220563719305
0.004759105654330822,Sadness,Happiness,0.017935964575332503
0.004759105654330822,Sadness,Joy,0.010389393609139319
0.004759105654330822,Sadness,Pride,0.06941141857335234
0.004759105654330822,Sadness,Sadness,0.7782417060612055
0.004759105654330822,Sadness,Shame,0.05624258911874148
0.004759105654330822,Shame,Boredom,0.02601007969929645
0.004759105654330822,Shame,Fear,0.2253068837702021
0.004759105654330822,Shame,Happiness,0.008028807840597502
0.004759105654330822,Shame,Joy,0.2040092323554248
0.004759105654330822,Shame,Pride,0.39855627565605484
0.004759105654330822,Shame,Sadness,0.03170503231945626
0.004759105654330822,Shame,Shame,0.10638368835896778
0.004751333823730334,Boredom,Boredom,0.9057654540969811
0.004751333823730334,Boredom,Fear,0.00011776373160872125
0.004751333823730334,Boredom,Happiness,0.09192323487896381
0.004751333823730334,Boredom,Joy,0.0002905752115969699
0.004751333823730334,Boredom,Pride,0.0015623309930343
0.004751333823730334,Boredom,Sadness,0.0001432132436109483
0.004751333823730334,Boredom,Shame,0.0001974278442044157
0.004751333823730334,Fear,Boredom,0.0007356704895475108
0.004751333823730334,Fear,Fear,0.9472004209932013
0.004751333823730334,Fear,Happiness,0.0009624361062969671
0.004751333823730334,Fear,Joy,0.0013791417317944128
0.004751333823730334,Fear,Pride,0.0015388601331074072
0.004751333823730334,Fear,Sadness,0.00876637167712193
0.004751333823730334,Fear,Shame,0.0394170988689307
0.004751333823730334,Happiness,Boredom,0.2464764058980379
0.004751333823730334,Happiness,Fear,0.0007035724098103903
0.004751333823730334,Happiness,Happiness,0.5056613294299294
0.004751333823730334,Happiness,Joy,0.020198428824371055
0.004751333823730334,Happiness,Pride,0.22185922338496844
0.004751333823730334,Happiness,Sadness,0.00122851998286561
0.004751333823730334,Happiness,Shame,0.003872520070017255
0.004751333823730334,Joy,Boredom,0.001203501546173847
0.004751333823730334,Joy,Fear,0.0008155031470398586
0.004751333823730334,Joy,Happiness,0.0017259251993224547
0.004751333823730334,Joy,Joy,0.40086432448360015
0.004751333823730334,Joy,Pride,0.5944248183486158
0.004751333823730334,Joy,Sadness,0.00030131247991925004
0.004751333823730334,Joy,Shame,0.0006646147953288898
0.004751333823730334,Pride,Boredom,0.006942012955887895
0.004751333823730334,Pride,Fear,0.0008106184345181175
0.004751333823730334,Pride,Happiness,0.02342834431786058
0.004751333823730334,Pride,Joy,0.31997529605451897
0.004751333823730334,Pride,Pride,0.6456876047887875
0.004751333823730334,Pride,Sadness,0.0010232440827877133
0.004751333823730334,Pride,Shame,0.002132879365639188
0.004751333823730334,Sadness,Boredom,0.03344846140761493
0.004751333823730334,Sadness,Fear,0.03450061369918317
0.004751333823730334,Sadness,Happiness,0.0179910910612259
0.004751333823730334,Sadness,Joy,0.010402043612563942
0.004751333823730334,Sadness,Pride,0.06934031044859026
0.004751333823730334,Sadness,Sadness,0.7778504523791097
0.004751333823730334,Sadness,Shame,0.05646702739171181
0.004751333823730334,Shame,Boredom,0.02602930222590714
0.004751333823730334,Shame,Fear,0.22569394926229872
0.004751333823730334,Shame,Happiness,0.008058455506808391
0.004751333823730334,Shame,Joy,0.2040640847404956
0.004751333823730334,Shame,Pride,0.3984393541491319
0.004751333823730334,Shame,Sadness,0.03172813474449421
0.004751333823730334,Shame,Shame,0.1059867193708641
0.005413835326025337,Boredom,Boredom,0.9985336222515327
0.005413835326025337,Boredom,Fear,0.0001161301980545272
0.005413835326025337,Boredom,Happiness,0.0007375570644378661
0.005413835326025337,Boredom,Joy,0.00016679002367774964
0.005413835326025337,Boredom,Pride,0.00013082283497159306
0.005413835326025337,Boredom,Sadness,0.00011276433456003444
0.005413835326025337,Boredom,Shame,0.0002023132927655648
0.005413835326025337,Fear,Boredom,0.0006343650900199799
0.005413835326025337,Fear,Fear,0.9760077709072033
0.005413835326025337,Fear,Happiness,0.000709558689868584
0.005413835326025337,Fear,Joy,0.0009261742525653948
0.005413835326025337,Fear,Pride,0.0012916458245537693
0.005413835326025337,Fear,Sadness,0.0034392646298953113
0.005413835326025337,Fear,Shame,0.016991220605893427
0.005413835326025337,Happiness,Boredom,0.16016350531012513
0.005413835326025337,Happiness,Fear,0.00016274872296898413
0.005413835326025337,Happiness,Happiness,0.709504887289423
0.005413835326025337,Happiness,Joy,0.007472903378397575
0.005413835326025337,Happiness,Pride,0.12068370710613716
0.005413835326025337,Happiness,Sadness,0.00032830760977994834
0.005413835326025337,Happiness,Shame,0.0016839405831684993
0.005413835326025337,Joy,Boredom,0.001053918689035858
0.005413835326025337,Joy,Fear,0.0006974345713861344
0.005413835326025337,Joy,Happiness,0.00041127044077132415
0.005413835326025337,Joy,Joy,0.3557947615173473
0.005413835326025337,Joy,Pride,0.6413847754302626
0.005413835326025337,Joy,Sadness,0.0002900937772593821
0.005413835326025337,Joy,Shame,0.0003677455739373006
0.005413835326025337,Pride,Boredom,0.005241171953992368
0.005413835326025337,Pride,Fear,0.0007752236263012794
0.005413835326025337,Pride,Happiness,0.01728555874400593
0.005413835326025337,Pride,Joy,0.24442184003440406
0.005413835326025337,Pride,Pride,0.7302909969511353
0.005413835326025337,Pride,Sadness,0.0009757367795132455
0.005413835326025337,Pride,Shame,0.0010094719106478955
0.005413835326025337,Sadness,Boredom,0.031953920396843756
0.005413835326025337,Sadness,Fear,0.031041861762656404
0.005413835326025337,Sadness,Happiness,0.012774354560827574
0.005413835326025337,Sadness,Joy,0.009712730969012878
0.005413835326025337,Sadness,Pride,0.07388400109928989
0.005413835326025337,Sadness,Sadness,0.7935089848968485
0.005413835326025337,Sadness,Shame,0.04712414631452122
0.005413835326025337,Shame,Boredom,0.027542319191568153
0.005413835326025337,Shame,Fear,0.23341022196469502
0.005413835326025337,Shame,Happiness,0.006671698478215066
0.005413835326025337,Shame,Joy,0.16186123926377216
0.005413835326025337,Shame,Pride,0.41116460034329866
0.005413835326025337,Shame,Sadness,0.027428092571011788
0.005413835326025337,Shame,Shame,0.13192182818743892
0.005553685948200778,Boredom,Boredom,0.9991304461874305
0.005553685948200778,Boredom,Fear,0.00011591839813177105
0.005553685948200778,Boredom,Happiness,0.00014876277960569075
0.005553685948200778,Boredom,Joy,0.00016484079304402292
0.005553685948200778,Boredom,Pride,0.0001304933128868366
0.005553685948200778,Boredom,Sadness,0.00011200358406045329
0.005553685948200778,Boredom,Shame,0.0001975349448406278
0.005553685948200778,Fear,Boredom,0.0006352686994463929
0.005553685948200778,Fear,Fear,0.9788320629801301
0.005553685948200778,Fear,Happiness,0.0006948386870602748
0.005553685948200778,Fear,Joy,0.0009146168332995713
0.005553685948200778,Fear,Pride,0.0012805341293916231
0.005553685948200778,Fear,Sadness,0.002863192521464593
0.005553685948200778,Fear,Shame,0.014779486149207634
0.005553685948200778,Happiness,Boredom,0.15285967542524728
0.005553685948200778,Happiness,Fear,0.00014443379367685491
0.005553685948200778,Happiness,Happiness,0.7178772196760362
0.005553685948200778,Happiness,Joy,0.0065694893379994145
0.005553685948200778,Happiness,Pride,0.12067076010688271
0.005553685948200778,Happiness,Sadness,0.0002938589829617442
0.005553685948200778,Happiness,Shame,0.0015845626771959216
0.005553685948200778,Joy,Boredom,0.0010195371970026467
0.005553685948200778,Joy,Fear,0.0006947407591035614
0.005553685948200778,Joy,Happiness,0.00048246159507802223
0.005553685948200778,Joy,Joy,0.34412777461312233
0.005553685948200778,Joy,Pride,0.6529944524153161
0.005553685948200778,Joy,Sadness,0.00028808071209165574
0.005553685948200778,Joy,Shame,0.00039295270828574566
0.005553685948200778,Pride,Boredom,0.004875172639858209
0.005553685948200778,Pride,Fear,0.0007472160330227754
0.005553685948200778,Pride,Happiness,0.0169182386447045
0.005553685948200778,Pride,Joy,0.22605221067979486
0.005553685948200778,Pride,Pride,0.7494854393108068
0.005553685948200778,Pride,Sadness,0.0009326873477730358
0.005553685948200778,Pride,Shame,0.00098903534403974
0.005553685948200778,Sadness,Boredom,0.03211636464457188
0.005553685948200778,Sadness,Fear,0.030255129040097677
0.005553685948200778,Sadness,Happiness,0.01200488154895858
0.005553685948200778,Sadness,Joy,0.009571838260111584
0.005553685948200778,Sadness,Pride,0.0752692012974987
0.005553685948200778,Sadness,Sadness,0.7933975902061342
0.005553685948200778,Sadness,Shame,0.04738499500262758
0.005553685948200778,Shame,Boredom,0.028012900975867946
0.005553685948200778,Shame,Fear,0.2330016075005814
0.005553685948200778,Shame,Happiness,0.006626401920878446
0.005553685948200778,Shame,Joy,0.14884656851187464
0.005553685948200778,Shame,Pride,0.418370754445614
0.005553685948200778,Shame,Sadness,0.027128950353488362
0.005553685948200778,Shame,Shame,0.13801281629169498
0.005665139742803292,Boredom,Boredom,0.9992495102298348
0.005665139742803292,Boredom,Fear,0.00011689214174626444
0.005665139742803292,Boredom,Happiness,3.3429241771289486e-05
0.005665139742803292,Boredom,Joy,0.00016437229447094248
0.005665139742803292,Boredom,Pride,0.00012932307463901142
0.005665139742803292,Boredom,Sadness,0.0001093439648960001
0.005665139742803292,Boredom,Shame,0.00019712905264144165
0.005665139742803292,Fear,Boredom,0.0006379051063935871
0.005665139742803292,Fear,Fear,0.9808493107616562
0.005665139742803292,Fear,Happiness,0.0006910098699923631
0.005665139742803292,Fear,Joy,0.0009148271737090267
0.005665139742803292,Fear,Pride,0.0012642560520027002
0.005665139742803292,Fear,Sadness,0.0024340497385496136
0.005665139742803292,Fear,Shame,0.01320864129769635
0.005665139742803292,Happiness,Boredom,0.1671081119094681
0.005665139742803292,Happiness,Fear,0.00017952045525856697
0.005665139742803292,Happiness,Happiness,0.7009038975456527
0.005665139742803292,Happiness,Joy,0.006326969639760164
0.005665139742803292,Happiness,Pride,0.12339659105228833
0.005665139742803292,Happiness,Sadness,0.0003343443751909268
0.005665139742803292,Happiness,Shame,0.00175056502238136
0.005665139742803292,Joy,Boredom,0.0009867316243172843
0.005665139742803292,Joy,Fear,0.0006953134302691427
0.005665139742803292,Joy,Happiness,0.000540051863693232
0.005665139742803292,Joy,Joy,0.33428413363165344
0.005665139742803292,Joy,Pride,0.6627905167048422
0.005665139742803292,Joy,Sadness,0.0002852000817898602
0.005665139742803292,Joy,Shame,0.00041805266343417227
0.005665139742803292,Pride,Boredom,0.004531791061850904
0.005665139742803292,Pride,Fear,0.000724422945160221
0.005665139742803292,Pride,Happiness,0.016643282245448546
0.005665139742803292,Pride,Joy,0.2109468636282505
0.005665139742803292,Pride,Pride,0.7652780289691794
0.005665139742803292,Pride,Sadness,0.0008924994725749822
0.005665139742803292,Pride,Shame,0.0009831116775353753
0.005665139742803292,Sadness,Boredom,0.032517503348295965
0.005665139742803292,Sadness,Fear,0.029615403845013134
0.005665139742803292,Sadness,Happiness,0.011370210563207798
0.005665139742803292,Sadness,Joy,0.009442521956557013
0.005665139742803292,Sadness,Pride,0.07543113875353114
0.005665139742803292,Sadness,Sadness,0.7942481741895272
0.005665139742803292,Sadness,Shame,0.04737504734386745
0.005665139742803292,Shame,Boredom,0.02841557642274046
0.005665139742803292,Shame,Fear,0.2327243458481059
0.005665139742803292,Shame,Happiness,0.0065362583776838795
0.005665139742803292,Shame,Joy,0.14007793486679934
0.005665139742803292,Shame,Pride,0.42376684402580006
0.005665139742803292,Shame,Sadness,0.02716511612618008
0.005665139742803292,Shame,Shame,0.14131392433269024
0.005449162034863342,Boredom,Boredom,0.9987803325975827
0.005449162034863342,Boredom,Fear,0.00011607282878625967
0.005449162034863342,Boredom,Happiness,0.0004950200374561196
0.005449162034863342,Boredom,Joy,0.00016650373874682695
0.005449162034863342,Boredom,Pride,0.0001319102235083134
0.005449162034863342,Boredom,Sadness,0.00011163464318895248
0.005449162034863342,Boredom,Shame,0.00019852593073067077
0.005449162034863342,Fear,Boredom,0.0006355547902648915
0.005449162034863342,Fear,Fear,0.9767408602483317
0.005449162034863342,Fear,Happiness,0.0007049361560486779
0.005449162034863342,Fear,Joy,0.0009186294896452381
0.005449162034863342,Fear,Pride,0.0012874358678112104
0.005449162034863342,Fear,Sadness,0.0032830374574067296
0.005449162034863342,Fear,Shame,0.016429545990492022
0.005449162034863342,Happiness,Boredom,0.15774814185516967
0.005449162034863342,Happiness,Fear,0.00015385380365065456
0.005449162034863342,Happiness,Happiness,0.7108987525223999
0.005449162034863342,Happiness,Joy,0.0072767103690707146
0.005449162034863342,Happiness,Pride,0.12197095484986314
0.005449162034863342,Happiness,Sadness,0.0003137274934331477
0.005449162034863342,Happiness,Shame,0.0016378591064125046
0.005449162034863342,Joy,Boredom,0.0010380576844916077
0.005449162034863342,Joy,Fear,0.0006914739786253596
0.005449162034863342,Joy,Happiness,0.00042392832451433794
0.005449162034863342,Joy,Joy,0.3529259408706679
0.005449162034863342,Joy,Pride,0.6442598644782367
0.005449162034863342,Joy,Sadness,0.0002889146501687808
0.005449162034863342,Joy,Shame,0.00037182001329550465
0.005449162034863342,Pride,Boredom,0.005123453818245819
0.005449162034863342,Pride,Fear,0.0007608526567750884
0.005449162034863342,Pride,Happiness,0.01701727019625293
0.005449162034863342,Pride,Joy,0.23997701827802298
0.005449162034863342,Pride,Pride,0.7351691107947999
0.005449162034863342,Pride,Sadness,0.0009579023495313745
0.005449162034863342,Pride,Shame,0.0009943919063717976
0.005449162034863342,Sadness,Boredom,0.03200213741726126
0.005449162034863342,Sadness,Fear,0.030830191002387198
0.005449162034863342,Sadness,Happiness,0.012491889317245585
0.005449162034863342,Sadness,Joy,0.009678431806494662
0.005449162034863342,Sadness,Pride,0.07419532759100692
0.005449162034863342,Sadness,Sadness,0.7937026563743733
0.005449162034863342,Sadness,Shame,0.04709936649123107
0.005449162034863342,Shame,Boredom,0.027777643060870716
0.005449162034863342,Shame,Fear,0.23426663642411089
0.005449162034863342,Shame,Happiness,0.00667859744463628
0.005449162034863342,Shame,Joy,0.15790815429261826
0.005449162034863342,Shame,Pride,0.41303427725466246
0.005449162034863342,Shame,Sadness,0.02726355193571013
0.005449162034863342,Shame,Shame,0.13307113958739128
0.0056769501591581615,Boredom,Boredom,0.9992564393479941
0.0056769501591581615,Boredom,Fear,0.0001160643687970841
0.0056769501591581615,Boredom,Happiness,2.8112250340182277e-05
0.0056769501591581615,Boredom,Joy,0.00016350047627009315
0.0056769501591581615,Boredom,Pride,0.00012934052888392627
0.0056769501591581615,Boredom,Sadness,0.000109335680524926
0.0056769501591581615,Boredom,Shame,0.00019720734718929153
0.0056769501591581615,Fear,Boredom,0.0006370000365402145
0.0056769501591581615,Fear,Fear,0.9809977659185756
0.0056769501591581615,Fear,Happiness,0.0006848954594456914
0.0056769501591581615,Fear,Joy,0.0009150217762597815
0.0056769501591581615,Fear,Pride,0.0012628858734865316
0.0056769501591581615,Fear,Sadness,0.002401674719127537
0.0056769501591581615,Fear,Shame,0.013100756216564643
0.0056769501591581615,Happiness,Boredom,0.17064872970696532
0.0056769501591581615,Happiness,Fear,0.00019236787424363962
0.0056769501591581615,Happiness,Happiness,0.6973494634565371
0.0056769501591581615,Happiness,Joy,0.006322160547439903
0.0056769501591581615,Happiness,Pride,0.12333262874194528
0.0056769501591581615,Happiness,Sadness,0.00035097969202306625
0.0056769501591581615,Happiness,Shame,0.0018036699808456017
0.0056769501591581615,Joy,Boredom,0.000988336387646906
0.0056769501591581615,Joy,Fear,0.0006960588825661449
0.0056769501591581615,Joy,Happiness,0.0005438608829225558
0.0056769501591581615,Joy,Joy,0.33320998928438006
0.0056769501591581615,Joy,Pride,0.6638548339211009
0.0056769501591581615,Joy,Sadness,0.00028566667579401635
0.0056769501591581615,Joy,Shame,0.00042125396558926486
0.0056769501591581615,Pride,Boredom,0.004517334297367275
0.0056769501591581615,Pride,Fear,0.0007217816382187148
0.0056769501591581615,Pride,Happiness,0.01654467787506273
0.0056769501591581615,Pride,Joy,0.2093513025641137
0.0056769501591581615,Pride,Pride,0.7669917527373485
0.0056769501591581615,Pride,Sadness,0.0008888797732364014
0.0056769501591581615,Pride,Shame,0.0009842711146525534
0.0056769501591581615,Sadness,Boredom,0.032597945454876924
0.0056769501591581615,Sadness,Fear,0.02949931441276041
0.0056769501591581615,Sadness,Happiness,0.011291287775667246
0.0056769501591581615,Sadness,Joy,0.009419838881003843
0.0056769501591581615,Sadness,Pride,0.07536565598285191
0.0056769501591581615,Sadness,Sadness,0.7944625488901186
0.0056769501591581615,Sadness,Shame,0.047363408602721056
0.0056769501591581615,Shame,Boredom,0.02849165965439998
0.0056769501591581615,Shame,Fear,0.2322848734549136
0.0056769501591581615,Shame,Happiness,0.006544900706398989
0.0056769501591581615,Shame,Joy,0.138680174272051
0.0056769501591581615,Shame,Pride,0.4249345995365506
0.0056769501591581615,Shame,Sadness,0.027231249852004768
0.0056769501591581615,Shame,Shame,0.14183254252368083
0.004805392776588882,Boredom,Boredom,0.9223446847968361
0.004805392776588882,Boredom,Fear,0.00011555706343863499
0.004805392776588882,Boredom,Happiness,0.07597179801936985
0.004805392776588882,Boredom,Joy,0.0002485669612959418
0.004805392776588882,Boredom,Pride,0.0009860407209620577
0.004805392776588882,Boredom,Sadness,0.00013542129364037996
0.004805392776588882,Boredom,Shame,0.0001979311444569706
0.004805392776588882,Fear,Boredom,0.0007140927611313012
0.004805392776588882,Fear,Fear,0.9510414031650483
0.004805392776588882,Fear,Happiness,0.0009242654426311184
0.004805392776588882,Fear,Joy,0.0012754519304639573
0.004805392776588882,Fear,Pride,0.0014885950626176859
0.004805392776588882,Fear,Sadness,0.008056306958766867
0.004805392776588882,Fear,Shame,0.03649988467934084
0.004805392776588882,Happiness,Boredom,0.23864357749810577
0.004805392776588882,Happiness,Fear,0.0005884245719802924
0.004805392776588882,Happiness,Happiness,0.5209890132664762
0.004805392776588882,Happiness,Joy,0.01900974570840766
0.004805392776588882,Happiness,Pride,0.21609722552884322
0.004805392776588882,Happiness,Sadness,0.0010630619888529996
0.004805392776588882,Happiness,Shame,0.0036089514373340765
0.004805392776588882,Joy,Boredom,0.0011868400821127031
0.004805392776588882,Joy,Fear,0.0007845135668204789
0.004805392776588882,Joy,Happiness,0.0011636187197740387
0.004805392776588882,Joy,Joy,0.39794471809829934
0.004805392776588882,Joy,Pride,0.5980780008349358
0.004805392776588882,Joy,Sadness,0.00029613404760267384
0.004805392776588882,Joy,Shame,0.0005461746504549702
0.004805392776588882,Pride,Boredom,0.0067767457709647354
0.004805392776588882,Pride,Fear,0.0008036829650173972
0.004805392776588882,Pride,Happiness,0.0214378015825068
0.004805392776588882,Pride,Joy,0.31502676709383187
0.004805392776588882,Pride,Pride,0.6530440428408023
0.004805392776588882,Pride,Sadness,0.001018728925206179
0.004805392776588882,Pride,Shame,0.0018922308216711397
0.004805392776588882,Sadness,Boredom,0.033136574150229754
0.004805392776588882,Sadness,Fear,0.034197085018564874
0.004805392776588882,Sadness,Happiness,0.017675134210166175
0.004805392776588882,Sadness,Joy,0.010367386701014216
0.004805392776588882,Sadness,Pride,0.07018042358397557
0.004805392776588882,Sadness,Sadness,0.7796789592810714
0.004805392776588882,Sadness,Shame,0.05476443705497848
0.004805392776588882,Shame,Boredom,0.02604862444896067
0.004805392776588882,Shame,Fear,0.22644831349578368
0.004805392776588882,Shame,Happiness,0.007876102730217107
0.004805392776588882,Shame,Joy,0.20104173306757755
0.004805392776588882,Shame,Pride,0.39898284557618735
0.004805392776588882,Shame,Sadness,0.03120838411733643
0.004805392776588882,Shame,Shame,0.10839399656393751
0.0047198749783002,Boredom,Boredom,0.8957043892208298
0.0047198749783002,Boredom,Fear,0.00011980956026687871
0.0047198749783002,Boredom,Happiness,0.10149404514926484
0.0047198749783002,Boredom,Joy,0.0003243713057628972
0.0047198749783002,Boredom,Pride,0.002007720660850935
0.0047198749783002,Boredom,Sadness,0.00014956694571965822
0.0047198749783002,Boredom,Shame,0.00020009715730521371
0.0047198749783002,Fear,Boredom,0.0007487415331863744
0.0047198749783002,Fear,Fear,0.9445827534057469
0.0047198749783002,Fear,Happiness,0.0009813606430860815
0.0047198749783002,Fear,Joy,0.0014476302762977088
0.0047198749783002,Fear,Pride,0.0015679260714347087
0.0047198749783002,Fear,Sadness,0.009254188910079746
0.0047198749783002,Fear,Shame,0.04141739916016845
0.0047198749783002,Happiness,Boredom,0.24861418079976683
0.0047198749783002,Happiness,Fear,0.0007398335690256951
0.0047198749783002,Happiness,Happiness,0.49694941557077343
0.0047198749783002,Happiness,Joy,0.020952527819669563
0.0047198749783002,Happiness,Pride,0.22745149252843336
0.0047198749783002,Happiness,Sadness,0.0012841187645938634
0.0047198749783002,Happiness,Shame,0.004008430947737503
0.0047198749783002,Joy,Boredom,0.001215733580165717
0.0047198749783002,Joy,Fear,0.0008326070497254693
0.0047198749783002,Joy,Happiness,0.0021404122654124194
0.0047198749783002,Joy,Joy,0.40247828490180737
0.0047198749783002,Joy,Pride,0.5922708904021494
0.0047198749783002,Joy,Sadness,0.0003026552092168999
0.0047198749783002,Joy,Shame,0.000759416591522617
0.0047198749783002,Pride,Boredom,0.007036080013631989
0.0047198749783002,Pride,Fear,0.0008137276670609911
0.0047198749783002,Pride,Happiness,0.02451751202490398
0.0047198749783002,Pride,Joy,0.32284052732744395
0.0047198749783002,Pride,Pride,0.6414355917703599
0.0047198749783002,Pride,Sadness,0.0010208737028574995
0.0047198749783002,Pride,Shame,0.0023356874937415957
0.0047198749783002,Sadness,Boredom,0.0336330441086056
0.0047198749783002,Sadness,Fear,0.03481447421945078
0.0047198749783002,Sadness,Happiness,0.01824188404939893
0.0047198749783002,Sadness,Joy,0.01047282369053713
0.0047198749783002,Sadness,Pride,0.0690645912341138
0.0047198749783002,Sadness,Sadness,0.7760380930353302
0.0047198749783002,Sadness,Shame,0.05773508966256373
0.0047198749783002,Shame,Boredom,0.02591139395049155
0.0047198749783002,Shame,Fear,0.22455382764936507
0.0047198749783002,Shame,Happiness,0.008170702704362024
0.0047198749783002,Shame,Joy,0.20507682886538278
0.0047198749783002,Shame,Pride,0.3985064160116525
0.0047198749783002,Shame,Sadness,0.03186246116674863
0.0047198749783002,Shame,Shame,0.10591836965199736
0.00555025985431206,Boredom,Boredom,0.999125363400148
0.00555025985431206,Boredom,Fear,0.00011589320633434278
0.00555025985431206,Boredom,Happiness,0.0001544325842571504
0.00555025985431206,Boredom,Joy,0.00016488349878826097
0.00555025985431206,Boredom,Pride,0.00012993069780913114
0.00555025985431206,Boredom,Sadness,0.00011198742653606272
0.00555025985431206,Boredom,Shame,0.00019750918612690787
0.00555025985431206,Fear,Boredom,0.0006343963411006568
0.00555025985431206,Fear,Fear,0.9787734958340532
0.00555025985431206,Fear,Happiness,0.0006950890804749814
0.00555025985431206,Fear,Joy,0.0009147855053811255
0.00555025985431206,Fear,Pride,0.0012813729478887126
0.00555025985431206,Fear,Sadness,0.00287654260420396
0.00555025985431206,Fear,Shame,0.014824317686897577
0.00555025985431206,Happiness,Boredom,0.15285671919152646
0.00555025985431206,Happiness,Fear,0.0001452470138606173
0.00555025985431206,Happiness,Happiness,0.718304897727692
0.00555025985431206,Happiness,Joy,0.00657447368534371
0.00555025985431206,Happiness,Pride,0.1202416928959753
0.00555025985431206,Happiness,Sadness,0.00029479803986465935
0.00555025985431206,Happiness,Shame,0.0015821714457369752
0.00555025985431206,Joy,Boredom,0.0010221304737727745
0.00555025985431206,Joy,Fear,0.0006970054505201872
0.00555025985431206,Joy,Happiness,0.0004801100933199221
0.00555025985431206,Joy,Joy,0.3444214849952089
0.00555025985431206,Joy,Pride,0.6526992247177194
0.00555025985431206,Joy,Sadness,0.0002883658192608026
0.00555025985431206,Joy,Shame,0.0003916784501979152
0.00555025985431206,Pride,Boredom,0.004890947634042955
0.00555025985431206,Pride,Fear,0.0007491189366150405
0.00555025985431206,Pride,Happiness,0.016915808479646133
0.00555025985431206,Pride,Joy,0.22651262734172745
0.00555025985431206,Pride,Pride,0.749008050164492
0.00555025985431206,Pride,Sadness,0.0009341897031331167
0.00555025985431206,Pride,Shame,0.0009892577403433583
0.00555025985431206,Sadness,Boredom,0.03211052714482762
0.00555025985431206,Sadness,Fear,0.0302728616657624
0.00555025985431206,Sadness,Happiness,0.0120311535092225
0.00555025985431206,Sadness,Joy,0.009577873624524717
0.00555025985431206,Sadness,Pride,0.0751819015982265
0.00555025985431206,Sadness,Sadness,0.7934404672311663
0.00555025985431206,Sadness,Shame,0.047385215226269706
0.00555025985431206,Shame,Boredom,0.027998331297551946
0.00555025985431206,Shame,Fear,0.23322043183703
0.00555025985431206,Shame,Happiness,0.00662147807903936
0.00555025985431206,Shame,Joy,0.14925619696669185
0.00555025985431206,Shame,Pride,0.41787727835631083
0.00555025985431206,Shame,Sadness,0.02711798904610034
0.00555025985431206,Shame,Shame,0.13790829441727553
0.005313571293648272,Boredom,Boredom,0.9971028638630675
0.005313571293648272,Boredom,Fear,0.00011596809126969338
0.005313571293648272,Boredom,Happiness,0.0021643239455870363
0.005313571293648272,Boredom,Joy,0.0001690558401211457
0.005313571293648272,Boredom,Pride,0.00013111296918081908
0.005313571293648272,Boredom,Sadness,0.00011328410711185854
0.005313571293648272,Boredom,Shame,0.00020339118366190584
0.005313571293648272,Fear,Boredom,0.000636058176468784
0.005313571293648272,Fear,Fear,0.9737254119679721
0.005313571293648272,Fear,Happiness,0.0007270282506522999
0.005313571293648272,Fear,Joy,0.0009484740682264278
0.005313571293648272,Fear,Pride,0.001309109664372231
0.005313571293648272,Fear,Sadness,0.00389099072742343
0.005313571293648272,Fear,Shame,0.01876292714488504
0.005313571293648272,Happiness,Boredom,0.16920162335113756
0.005313571293648272,Happiness,Fear,0.00016689799838612483
0.005313571293648272,Happiness,Happiness,0.6885317284170939
0.005313571293648272,Happiness,Joy,0.008655218907279107
0.005313571293648272,Happiness,Pride,0.13129097343139182
0.005313571293648272,Happiness,Sadness,0.00035316996729291213
0.005313571293648272,Happiness,Shame,0.001800387927418229
0.005313571293648272,Joy,Boredom,0.0010783608293566112
0.005313571293648272,Joy,Fear,0.0006949869354693607
0.005313571293648272,Joy,Happiness,0.00035036732988790245
0.005313571293648272,Joy,Joy,0.3637144144136015
0.005313571293648272,Joy,Pride,0.6335254517028405
0.005313571293648272,Joy,Sadness,0.00029023472600057633
0.005313571293648272,Joy,Shame,0.00034618406284331565
0.005313571293648272,Pride,Boredom,0.005504305807642982
0.005313571293648272,Pride,Fear,0.0007786302549086086
0.005313571293648272,Pride,Happiness,0.016935350105487586
0.005313571293648272,Pride,Joy,0.2574970674470142
0.005313571293648272,Pride,Pride,0.7172711962204161
0.005313571293648272,Pride,Sadness,0.000989007484193082
0.005313571293648272,Pride,Shame,0.0010244426803370959
0.005313571293648272,Sadness,Boredom,0.031663007127475926
0.005313571293648272,Sadness,Fear,0.03148403957833063
0.005313571293648272,Sadness,Happiness,0.013322551513218626
0.005313571293648272,Sadness,Joy,0.009821223262459138
0.005313571293648272,Sadness,Pride,0.0732254894514061
0.005313571293648272,Sadness,Sadness,0.7934952245039437
0.005313571293648272,Sadness,Shame,0.04698846456316639
0.005313571293648272,Shame,Boredom,0.027058463640780284
0.005313571293648272,Shame,Fear,0.23272209036954977
0.005313571293648272,Shame,Happiness,0.006800344848899453
0.005313571293648272,Shame,Joy,0.170518965012802
0.005313571293648272,Shame,Pride,0.4083031120257733
0.005313571293648272,Shame,Sadness,0.027792066500928695
0.005313571293648272,Shame,Shame,0.12680495760126637
0.005614100864958342,Boredom,Boredom,0.9992078623748667
0.005614100864958342,Boredom,Fear,0.00011696739446378678
0.005614100864958342,Boredom,Happiness,7.05369040369008e-05
0.005614100864958342,Boredom,Joy,0.00016449861551025635
0.005614100864958342,Boredom,Pride,0.00012974352430279962
0.005614100864958342,Boredom,Sadness,0.00011294652610958233
0.005614100864958342,Boredom,Shame,0.00019744466071003255
0.005614100864958342,Fear,Boredom,0.0006373990544380473
0.005614100864958342,Fear,Fear,0.9801579080771614
0.005614100864958342,Fear,Happiness,0.0006911825215567426
0.005614100864958342,Fear,Joy,0.000915452053637088
0.005614100864958342,Fear,Pride,0.0012806196967322615
0.005614100864958342,Fear,Sadness,0.0025900168890650335
0.005614100864958342,Fear,Shame,0.013727421707409032
0.005614100864958342,Happiness,Boredom,0.15335472819551765
0.005614100864958342,Happiness,Fear,0.00015362456711350028
0.005614100864958342,Happiness,Happiness,0.7209314062407913
0.005614100864958342,Happiness,Joy,0.006166455224902247
0.005614100864958342,Happiness,Pride,0.11749943214332793
0.005614100864958342,Happiness,Sadness,0.0002984409651344936
0.005614100864958342,Happiness,Shame,0.0015959126632128775
0.005614100864958342,Joy,Boredom,0.0010015476504115451
0.005614100864958342,Joy,Fear,0.0006984830166252333
0.005614100864958342,Joy,Happiness,0.0005179035157013669
0.005614100864958342,Joy,Joy,0.3388498228575438
0.005614100864958342,Joy,Pride,0.6582367517139422
0.005614100864958342,Joy,Sadness,0.00028728392744637176
0.005614100864958342,Joy,Shame,0.0004082073183295197
0.005614100864958342,Pride,Boredom,0.004691239678440512
0.005614100864958342,Pride,Fear,0.0007386037926368626
0.005614100864958342,Pride,Happiness,0.016871197732328622
0.005614100864958342,Pride,Joy,0.21784898098363978
0.005614100864958342,Pride,Pride,0.7579463366417584
0.005614100864958342,Pride,Sadness,0.00091525373684765
0.005614100864958342,Pride,Shame,0.0009883874343479568
0.005614100864958342,Sadness,Boredom,0.03217429183962314
0.005614100864958342,Sadness,Fear,0.029972836313778378
0.005614100864958342,Sadness,Happiness,0.011756600973948813
0.005614100864958342,Sadness,Joy,0.00950097479932585
0.005614100864958342,Sadness,Pride,0.07535619968870126
0.005614100864958342,Sadness,Sadness,0.7941003736368131
0.005614100864958342,Sadness,Shame,0.04713872274780911
0.005614100864958342,Shame,Boredom,0.02829895130433839
0.005614100864958342,Shame,Fear,0.23371502616453818
0.005614100864958342,Shame,Happiness,0.006631893097969581
0.005614100864958342,Shame,Joy,0.14368746403959592
0.005614100864958342,Shame,Pride,0.4210093202786551
0.005614100864958342,Shame,Sadness,0.027195666324035
0.005614100864958342,Shame,Shame,0.13946167879086757
0.0052220775671464196,Boredom,Boredom,0.9939730549644243
0.0052220775671464196,Boredom,Fear,0.00011932393181081488
0.0052220775671464196,Boredom,Happiness,0.005294013920855571
0.0052220775671464196,Boredom,Joy,0.0001710486491944313
0.0052220775671464196,Boredom,Pride,0.00012663785427175867
0.0052220775671464196,Boredom,Sadness,0.00011196987534470651
0.0052220775671464196,Boredom,Shame,0.0002039508040983425
0.0052220775671464196,Fear,Boredom,0.0006413605830948411
0.0052220775671464196,Fear,Fear,0.9712470663542462
0.0052220775671464196,Fear,Happiness,0.0007470963779544717
0.0052220775671464196,Fear,Joy,0.0009630257398825196
0.0052220775671464196,Fear,Pride,0.0013284518771214196
0.0052220775671464196,Fear,Sadness,0.004349041373707395
0.0052220775671464196,Fear,Shame,0.020723957693993274
0.0052220775671464196,Happiness,Boredom,0.18045253643452827
0.0052220775671464196,Happiness,Fear,0.0001754443980235094
0.0052220775671464196,Happiness,Happiness,0.6615756627257187
0.0052220775671464196,Happiness,Joy,0.010058003550097715
0.0052220775671464196,Happiness,Pride,0.14536846146185034
0.0052220775671464196,Happiness,Sadness,0.00038901816366768003
0.0052220775671464196,Happiness,Shame,0.0019808732661136448
0.0052220775671464196,Joy,Boredom,0.0010931112859845946
0.0052220775671464196,Joy,Fear,0.0007032609995972464
0.0052220775671464196,Joy,Happiness,0.00031096094410658495
0.0052220775671464196,Joy,Joy,0.3706188202263961
0.0052220775671464196,Joy,Pride,0.6266599525250166
0.0052220775671464196,Joy,Sadness,0.0002912064550306877
0.0052220775671464196,Joy,Shame,0.00032268756386831017
0.0052220775671464196,Pride,Boredom,0.005721651848745444
0.0052220775671464196,Pride,Fear,0.0007968117243982387
0.0052220775671464196,Pride,Happiness,0.017188489426044156
0.0052220775671464196,Pride,Joy,0.26875479689471415
0.0052220775671464196,Pride,Pride,0.7054597375981327
0.0052220775671464196,Pride,Sadness,0.001012970615832246
0.0052220775671464196,Pride,Shame,0.001065541892132513
0.0052220775671464196,Sadness,Boredom,0.03193452483617161
0.0052220775671464196,Sadness,Fear,0.032064499209318635
0.0052220775671464196,Sadness,Happiness,0.014069690087663208
0.0052220775671464196,Sadness,Joy,0.00991232347152498
0.0052220775671464196,Sadness,Pride,0.07290703530463091
0.0052220775671464196,Sadness,Sadness,0.7916675486138481
0.0052220775671464196,Sadness,Shame,0.04744437847684226
0.0052220775671464196,Shame,Boredom,0.026870823460256585
0.0052220775671464196,Shame,Fear,0.2329170728345992
0.0052220775671464196,Shame,Happiness,0.007023135821341587
0.0052220775671464196,Shame,Joy,0.1762061429646905
0.0052220775671464196,Shame,Pride,0.4066505019262692
0.0052220775671464196,Shame,Sadness,0.028215874113302623
0.0052220775671464196,Shame,Shame,0.12211644887954025
0.005214107531018133,Boredom,Boredom,0.9935699123126508
0.005214107531018133,Boredom,Fear,0.00012006200370855101
0.005214107531018133,Boredom,Happiness,0.005697012889303874
0.005214107531018133,Boredom,Joy,0.0001706984260702917
0.005214107531018133,Boredom,Pride,0.00012676544502662214
0.005214107531018133,Boredom,Sadness,0.00011193483430668677
0.005214107531018133,Boredom,Shame,0.00020361408893334424
0.005214107531018133,Fear,Boredom,0.0006416489289112956
0.005214107531018133,Fear,Fear,0.970894833301462
0.005214107531018133,Fear,Happiness,0.0007488419896157082
0.005214107531018133,Fear,Joy,0.0009698129415935817
0.005214107531018133,Fear,Pride,0.0013323772759917761
0.005214107531018133,Fear,Sadness,0.00441421242361509
0.005214107531018133,Fear,Shame,0.02099827313881037
0.005214107531018133,Happiness,Boredom,0.18171150832140595
0.005214107531018133,Happiness,Fear,0.0001768059846759515
0.005214107531018133,Happiness,Happiness,0.659075420972771
0.005214107531018133,Happiness,Joy,0.010177887037514807
0.005214107531018133,Happiness,Pride,0.14646766351845528
0.005214107531018133,Happiness,Sadness,0.00039292346833972897
0.005214107531018133,Happiness,Shame,0.00199779069683747
0.005214107531018133,Joy,Boredom,0.001096287576155477
0.005214107531018133,Joy,Fear,0.0007044964238362453
0.005214107531018133,Joy,Happiness,0.0003072033000367942
0.005214107531018133,Joy,Joy,0.37120465409805536
0.005214107531018133,Joy,Pride,0.6260734324488754
0.005214107531018133,Joy,Sadness,0.0002913170249375991
0.005214107531018133,Joy,Shame,0.000322609128102721
0.005214107531018133,Pride,Boredom,0.0057512032381512885
0.005214107531018133,Pride,Fear,0.0007984788176403035
0.005214107531018133,Pride,Happiness,0.017173686275482693
0.005214107531018133,Pride,Joy,0.2697342270924206
0.005214107531018133,Pride,Pride,0.7044542145571862
0.005214107531018133,Pride,Sadness,0.0010147580381777762
0.005214107531018133,Pride,Shame,0.0010734319809413283
0.005214107531018133,Sadness,Boredom,0.031964038501483716
0.005214107531018133,Sadness,Fear,0.03209892360776434
0.005214107531018133,Sadness,Happiness,0.014143834043896603
0.005214107531018133,Sadness,Joy,0.009920385583875332
0.005214107531018133,Sadness,Pride,0.0728334616067974
0.005214107531018133,Sadness,Sadness,0.7915024844949364
0.005214107531018133,Sadness,Shame,0.04753687216124605
0.005214107531018133,Shame,Boredom,0.02686200730959474
0.005214107531018133,Shame,Fear,0.2327248079618478
0.005214107531018133,Shame,Happiness,0.007045738486838738
0.005214107531018133,Shame,Joy,0.17642408259956596
0.005214107531018133,Shame,Pride,0.4064217219872746
0.005214107531018133,Shame,Sadness,0.02827665871176459
0.005214107531018133,Shame,Shame,0.12224498294311362
0.004572747411498488,Boredom,Boredom,0.8465977430855909
0.004572747411498488,Boredom,Fear,0.00013643637460445933
0.004572747411498488,Boredom,Happiness,0.14689409637526896
0.004572747411498488,Boredom,Joy,0.0006061993260960845
0.004572747411498488,Boredom,Pride,0.005307425753841253
0.004572747411498488,Boredom,Sadness,0.00022172763112625929
0.004572747411498488,Boredom,Shame,0.00023637145347218426
0.004572747411498488,Fear,Boredom,0.0008388676872315502
0.004572747411498488,Fear,Fear,0.9308579866377014
0.004572747411498488,Fear,Happiness,0.001107656484291516
0.004572747411498488,Fear,Joy,0.00194119605958299
0.004572747411498488,Fear,Pride,0.0017431877879946214
0.004572747411498488,Fear,Sadness,0.011917762570594174
0.004572747411498488,Fear,Shame,0.051593342772603606
0.004572747411498488,Happiness,Boredom,0.2626215226411839
0.004572747411498488,Happiness,Fear,0.0009891817352298484
0.004572747411498488,Happiness,Happiness,0.4628227207177189
0.004572747411498488,Happiness,Joy,0.024022034399701415
0.004572747411498488,Happiness,Pride,0.2430253410058828
0.004572747411498488,Happiness,Sadness,0.0016659764206449392
0.004572747411498488,Happiness,Shame,0.004853223079638346
0.004572747411498488,Joy,Boredom,0.001345057420279351
0.004572747411498488,Joy,Fear,0.001004571750224733
0.004572747411498488,Joy,Happiness,0.00504442998932419
0.004572747411498488,Joy,Joy,0.40906088226167076
0.004572747411498488,Joy,Pride,0.5816833960421768
0.004572747411498488,Joy,Sadness,0.00032990078664739945
0.004572747411498488,Joy,Shame,0.0015317617496775763
0.004572747411498488,Pride,Boredom,0.0077435473072983
0.004572747411498488,Pride,Fear,0.0009074002069254232
0.004572747411498488,Pride,Happiness,0.02979982404509418
0.004572747411498488,Pride,Joy,0.3353753403318981
0.004572747411498488,Pride,Pride,0.6213114339297081
0.004572747411498488,Pride,Sadness,0.0011073348385163507
0.004572747411498488,Pride,Shame,0.003755119340560005
0.004572747411498488,Sadness,Boredom,0.0342261973858984
0.004572747411498488,Sadness,Fear,0.0361208138822073
0.004572747411498488,Sadness,Happiness,0.019207857994746197
0.004572747411498488,Sadness,Joy,0.010692363297918648
0.004572747411498488,Sadness,Pride,0.06839873668305778
0.004572747411498488,Sadness,Sadness,0.7665294324245682
0.004572747411498488,Sadness,Shame,0.06482459833160355
0.004572747411498488,Shame,Boredom,0.026150890184033004
0.004572747411498488,Shame,Fear,0.2223344831641644
0.004572747411498488,Shame,Happiness,0.009344271361666401
0.004572747411498488,Shame,Joy,0.21154470234756861
0.004572747411498488,Shame,Pride,0.3971819923558089
0.004572747411498488,Shame,Sadness,0.033135988740029064
0.004572747411498488,Shame,Shame,0.10030767184672947
