Emotion,Suddenness,Goal_relevance,Conduciveness,Power,Effort
Anxiety,0.0813,0.58533,0.00234,0.07834,0.74371
Anxiety,0.01453,0.47674,0.04085,0.08185,0.9658
Anxiety,0.15096,0.56067,0.00711,0.02362,0.93414
Anxiety,0.00064,0.5072,0.04559,0.05914,0.91399
Anxiety,0.02737,0.51336,0.10001,0.00754,0.87644
Anxiety,0.10445,0.45746,0.02131,0.13584,0.99593
Anxiety,0.06153,0.56599,0.00816,0.06719,0.89122
Anxiety,0.13673,0.49971,0.00822,0.04956,0.84834
Anxiety,0.03654,0.56809,0.05231,0.04968,0.98199
Anxiety,0.02701,0.5446,0.02187,0.02889,0.93437
Anxiety,0.13385,0.53271,0.03332,0.12981,0.93255
Anxiety,0.02315,0.52962,0.01747,0.02394,0.96673
Anxiety,0.24325,0.51576,0.0092,0.02502,0.84854
Anxiety,0.0407,0.4945,0.00073,0.01016,0.82899
Anxiety,0.08953,0.43544,0.07335,0.00075,0.96934
Anxiety,0.09646,0.51675,0.02813,0.09399,0.97584
Anxiety,0.04435,0.4568,0.01839,0.02168,0.87484
Anxiety,0.05794,0.57571,0.02316,0.12746,0.853
Anxiety,0.12016,0.4909,0.07575,0.13454,0.90435
Anxiety,0.1409,0.39056,0.01275,0.14239,0.99506
Anxiety,0.03133,0.512,0.0184,0.02171,0.95541
Anxiety,0.05802,0.55516,0.02985,0.04025,0.986
Anxiety,0.12863,0.53069,0.06388,0.11113,0.97101
Anxiety,0.04254,0.48834,0.00686,0.20111,0.91717
Anxiety,0.06879,0.61489,0.06317,0.03782,0.98835
Anxiety,0.03743,0.48004,0.03151,0.03543,0.9844
Anxiety,0.05919,0.4777,0.02424,0.05472,0.89145
Anxiety,0.06955,0.54731,0.07517,0.08724,0.95787
Anxiety,0.08811,0.58952,0.07953,0.11046,0.94296
Anxiety,0.14099,0.48767,0.05972,0.02191,0.71717
Anxiety,0.02295,0.53554,0.00106,0.10306,0.97989
Anxiety,0.10188,0.48438,0.03032,0.10797,0.88786
Anxiety,0.08067,0.50032,0.01636,0.15855,0.99375
Anxiety,0.11696,0.55156,0.01607,0.03234,0.98889
Anxiety,0.1231,0.5628,0.05395,0.14206,0.9497
Anxiety,0.01844,0.55531,0.03347,0.06857,0.87103
Anxiety,0.09015,0.54695,0.08087,0.0322,0.93165
Anxiety,0.06398,0.49095,0.04832,0.14873,0.91352
Anxiety,0.21335,0.53966,0.02675,0.07467,0.94189
Anxiety,0.12455,0.49248,0.10133,0.15995,0.95808
Anxiety,0.00131,0.41042,0.04068,0.01692,0.91757
Anxiety,0.1439,0.46542,0.01458,0.01185,0.95246
Anxiety,0.14967,0.49135,0.02291,0.05129,0.86781
Anxiety,0.0867,0.4665,0.05441,0.06953,0.97025
Anxiety,0.01472,0.53347,0.05308,0.05811,0.97585
Anxiety,0.10606,0.47624,0.0138,0.06805,0.91384
Anxiety,0.17783,0.46938,0.03073,0.15433,0.91356
Anxiety,0.16863,0.55093,0.0207,0.14187,0.95576
Anxiety,0.01839,0.4465,0.03123,0.10245,0.92999
Anxiety,0.08715,0.51175,0.0546,0.1212,0.98855
Anxiety,0.10403,0.54999,0.07266,0.05466,0.94397
Anxiety,0.09481,0.45058,0.01101,0.10747,0.83376
Anxiety,0.05805,0.5001,0.02179,0.09406,0.88268
Anxiety,0.16693,0.50059,0.07896,0.04683,0.81626
Anxiety,0.08551,0.46333,0.00359,0.0399,0.7794
Anxiety,0.25072,0.54752,0.06431,0.01902,0.87396
Anxiety,0.12776,0.40687,0.03784,0.04351,0.96325
Anxiety,0.07104,0.54228,0.08018,0.07781,0.91521
Anxiety,0.15757,0.4836,0.04567,0.08491,0.7763
Anxiety,0.19104,0.46852,0.01492,0.03091,0.88907
Anxiety,0.24313,0.43881,0.04888,0.00249,0.92368
Anxiety,0.061,0.50761,0.00907,0.03178,0.90158
Anxiety,0.15202,0.54681,0.02653,0.14294,0.98752
Anxiety,0.13437,0.51178,0.03986,0.29186,0.84927
Anxiety,0.02896,0.44561,0.00091,0.08576,0.87868
Anxiety,0.06333,0.46787,0.1135,0.10622,0.94883
Anxiety,0.0028,0.58689,0.02487,0.00586,0.95292
Anxiety,0.20279,0.55477,0.02315,0.02159,0.97456
Anxiety,0.20654,0.48831,0.03086,0.08623,0.92119
Anxiety,0.02898,0.48349,0.00522,0.03124,0.9804
Anxiety,0.17809,0.564,0.036,0.12103,0.8663
Anxiety,0.02738,0.42243,0.05834,0.04603,0.93981
Anxiety,0.0453,0.55794,0.03509,0.19939,0.89328
Anxiety,0.00739,0.53734,0.04285,0.06019,0.8717
Anxiety,0.11463,0.45147,0.01968,0.15709,0.82711
Anxiety,0.00668,0.41751,0.00175,0.03459,0.9513
Anxiety,0.01351,0.4495,0.00931,0.05782,0.98807
Anxiety,0.06899,0.44193,0.02374,0.06336,0.76881
Anxiety,0.10153,0.54031,0.0164,0.14885,0.9949
Anxiety,0.04172,0.4675,0.13035,0.08009,0.92413
Anxiety,0.01959,0.48852,0.04863,0.02925,0.86436
Anxiety,0.06681,0.48468,0.08582,0.0115,0.95337
Anxiety,0.02842,0.49011,0.07721,0.10883,0.8403
Anxiety,0.06252,0.46724,0.05215,0.17182,0.9285
Anxiety,0.00789,0.54435,0.01495,0.14666,0.98246
Anxiety,0.1825,0.41278,0.02782,0.12817,0.89409
Anxiety,0.13482,0.5211,0.01421,0.09555,0.98594
Anxiety,0.07624,0.46198,0.10592,0.02076,0.91457
Anxiety,0.05162,0.5025,0.01568,0.01484,0.86253
Anxiety,0.00342,0.40906,0.01686,0.03534,0.96717
Anxiety,0.01938,0.52529,0.09687,0.10803,0.93075
Anxiety,0.23593,0.46794,0.06938,0.08145,0.77137
Anxiety,0.10489,0.41734,0.02555,0.12775,0.99472
Anxiety,0.09827,0.39453,0.01071,0.14821,0.95253
Anxiety,0.01246,0.4674,0.00557,0.17191,0.79754
Anxiety,0.04096,0.4981,0.01389,0.08201,0.8944
Anxiety,0.0243,0.46232,0.02094,0.2015,0.93918
Anxiety,0.03982,0.55272,0.01377,0.04249,0.89794
Anxiety,0.1692,0.52437,0.04129,0.00765,0.97534
Anxiety,0.17663,0.48711,0.03873,0.09754,0.99317
Anxiety,0.1334,0.49104,0.07654,0.19514,0.87613
Anxiety,0.14758,0.56784,0.0487,0.07217,0.89193
Anxiety,0.03459,0.45043,0.05305,0.09931,0.93674
Anxiety,0.02054,0.50656,0.08265,0.06689,0.93723
Anxiety,0.16308,0.50338,0.02023,0.10773,0.99385
Anxiety,0.11561,0.53187,0.03898,0.08191,0.83991
Anxiety,0.09007,0.54447,0.07337,0.06728,0.83418
Anxiety,0.05578,0.53005,0.01996,0.22155,0.8147
Anxiety,0.05103,0.53408,0.01942,0.11525,0.99009
Anxiety,0.15647,0.47386,0.05848,0.11943,0.96045
Anxiety,0.04083,0.45988,0.04812,0.09404,0.93176
Anxiety,0.03806,0.58017,0.02545,0.07524,0.89106
Anxiety,0.07291,0.54182,0.10828,0.15281,0.95648
Anxiety,0.0916,0.54335,0.09123,0.11454,0.99214
Anxiety,0.02097,0.46069,0.00591,0.11961,0.9637
Anxiety,0.04435,0.56712,0.03597,0.09373,0.93526
Anxiety,0.07776,0.47361,0.01358,0.03238,0.91768
Anxiety,0.00588,0.48834,0.03455,0.06373,0.88816
Anxiety,0.03477,0.53087,0.00178,0.22471,0.97203
Anxiety,0.00461,0.51843,0.00102,0.03424,0.96074
Anxiety,0.05102,0.51792,0.10728,0.06403,0.83944
Anxiety,0.1188,0.53215,0.04732,0.01143,0.93133
Anxiety,0.08247,0.49919,0.02092,0.08586,0.95464
Anxiety,0.22005,0.51178,0.09129,0.0398,0.8783
Anxiety,0.01105,0.46767,0.05175,0.057,0.96004
Anxiety,0.08419,0.51033,0.03477,0.09304,0.97328
Anxiety,0.03356,0.51136,0.02259,0.05496,0.91786
Anxiety,0.09351,0.59133,0.02263,0.0095,0.97124
Anxiety,0.15905,0.48494,0.04674,0.03632,0.97362
Anxiety,0.26798,0.57844,0.06473,0.00559,0.87592
Anxiety,0.09034,0.49871,0.01359,0.10774,0.94607
Anxiety,0.02213,0.41937,0.04299,0.02034,0.93776
Anxiety,0.17224,0.53767,0.02717,0.03893,0.9939
Anxiety,0.06741,0.52083,0.04612,0.11404,0.96152
Anxiety,0.13808,0.59944,0.00927,0.08683,0.96751
Anxiety,0.09957,0.44473,0.04596,0.07875,0.91115
Anxiety,0.07182,0.51843,0.05327,0.11832,0.83768
Anxiety,0.0784,0.41433,0.08439,0.08172,0.7898
Anxiety,0.04488,0.45697,0.05006,0.03053,0.89689
Anxiety,0.0245,0.52183,0.02776,0.04306,0.91288
Anxiety,0.15866,0.46269,0.05349,0.04758,0.88066
Anxiety,0.01374,0.4972,0.02686,0.00082,0.88258
Anxiety,0.06478,0.49364,0.02333,0.09559,0.90908
Anxiety,0.00339,0.52923,0.09006,0.14884,0.92215
Anxiety,0.03421,0.48017,0.03677,0.1806,0.92146
Anxiety,0.00159,0.50488,0.03247,0.07148,0.90469
Anxiety,0.04533,0.49481,0.03449,0.01957,0.9584
Anxiety,0.12124,0.4658,0.04282,0.0984,0.84581
Anxiety,0.06713,0.52586,0.00483,0.0971,0.98444
Anxiety,0.05428,0.543,0.03803,0.08463,0.9791
Anxiety,0.05716,0.45572,0.02134,0.08044,0.976
Anxiety,0.03744,0.54641,0.00388,0.00828,0.96716
Anxiety,0.17653,0.51192,0.00672,0.13792,0.84555
Anxiety,0.14006,0.49494,0.02052,0.1343,0.75351
Anxiety,0.27429,0.43762,0.01972,0.05653,0.77909
Anxiety,0.22212,0.51425,0.06338,0.16324,0.98975
Anxiety,0.06059,0.49448,0.0295,0.01091,0.97895
Anxiety,0.11228,0.47232,0.0588,0.03998,0.98883
Anxiety,0.08814,0.41736,0.07503,0.1418,0.91159
Anxiety,0.0074,0.40341,0.08616,0.05878,0.9673
Anxiety,0.12416,0.5668,0.04513,0.01797,0.93026
Anxiety,0.07816,0.57703,0.03706,0.03103,0.901
Anxiety,0.02873,0.36639,0.03501,0.00183,0.75665
Anxiety,0.14898,0.48047,0.0152,0.06943,0.94811
Anxiety,0.13333,0.53179,0.00683,0.14476,0.93576
Anxiety,0.04457,0.41739,0.0338,0.12207,0.9966
Anxiety,0.25236,0.54446,0.04983,0.23524,0.97048
Anxiety,0.13237,0.46339,0.04174,0.03793,0.8941
Anxiety,0.03962,0.54183,0.0111,0.03687,0.99415
Anxiety,0.05242,0.49825,0.09235,0.08594,0.98314
Anxiety,0.10595,0.56062,0.01674,0.02825,0.97898
Anxiety,0.04353,0.51339,0.04822,0.0839,0.97919
Anxiety,0.14816,0.51293,0.03822,0.02691,0.98489
Anxiety,0.12151,0.51551,0.0432,0.0833,0.9562
Anxiety,0.12538,0.44879,0.03181,0.01648,0.97249
Anxiety,0.04651,0.51581,0.03088,0.08612,0.79933
Anxiety,0.06578,0.51261,0.09068,0.1895,0.97786
Anxiety,0.10599,0.49175,0.02294,0.0085,0.94195
Anxiety,0.03181,0.57031,0.02047,0.04385,0.98557
Anxiety,0.10597,0.49497,0.14431,0.14361,0.90258
Anxiety,0.03636,0.49422,0.05714,0.0159,0.92919
Anxiety,0.1024,0.42288,0.02543,0.02063,0.8834
Anxiety,0.05326,0.53142,0.0139,0.16811,0.90582
Anxiety,0.11311,0.43734,0.0124,0.13329,0.88075
Anxiety,0.05821,0.50936,0.00447,0.07893,0.86134
Anxiety,0.06019,0.49179,0.04209,0.07113,0.93258
Anxiety,0.1262,0.5084,0.02992,0.10939,0.98743
Anxiety,0.07214,0.5753,0.02934,0.0684,0.86579
Anxiety,0.00443,0.60021,0.01771,0.02897,0.92184
Anxiety,0.04587,0.50944,0.11446,0.03229,0.88489
Anxiety,0.03972,0.54064,0.04522,0.06661,0.98247
Anxiety,0.13913,0.41622,0.00377,0.17605,0.94556
Anxiety,0.04085,0.54378,0.00751,0.00322,0.96207
Anxiety,0.0728,0.52137,0.07228,0.01075,0.91782
Anxiety,0.02774,0.59273,0.01752,0.02342,0.88941
Anxiety,0.12864,0.55638,0.04212,0.1598,0.92218
Anxiety,0.06045,0.5356,0.04698,0.00185,0.95322
Anxiety,0.08766,0.47083,0.01387,0.00496,0.97597
Anxiety,0.01965,0.49264,0.0739,0.03983,0.98511
Anxiety,0.09577,0.51085,0.00864,0.00359,0.93299
Anxiety,0.15516,0.54491,0.01553,0.11109,0.85625
Anxiety,0.00201,0.55754,0.0476,0.03556,0.92902
Anxiety,0.11433,0.55274,0.0037,0.11497,0.92067
Anxiety,0.00071,0.50015,0.03377,0.11578,0.92305
Anxiety,0.22776,0.49835,0.05625,0.03865,0.94858
Anxiety,0.24965,0.49601,0.00946,0.00944,0.97383
Anxiety,0.0118,0.46719,0.01632,0.12945,0.88648
Anxiety,0.06373,0.55238,0.01032,0.13374,0.9994
Anxiety,0.2041,0.53048,0.03832,0.10629,0.83517
Anxiety,0.0876,0.48193,0.00328,0.01209,0.92029
Anxiety,0.11256,0.51035,0.07325,0.0527,0.95095
Anxiety,0.10165,0.54404,0.00181,0.05156,0.9925
Anxiety,0.19095,0.53599,0.05069,0.01054,0.97426
Anxiety,0.18325,0.51165,0.08888,0.03642,0.87517
Anxiety,0.08902,0.54903,0.05253,0.03658,0.93317
Anxiety,0.11185,0.57027,0.00643,0.06404,0.87869
Anxiety,0.14931,0.38495,0.08707,0.08028,0.98715
Anxiety,0.03394,0.50736,0.07232,0.0707,0.96878
Anxiety,0.09921,0.48458,0.01902,0.01109,0.92975
Anxiety,0.04019,0.4501,0.07299,0.04958,0.91711
Anxiety,0.01135,0.53056,0.05185,0.16115,0.99913
Anxiety,0.01024,0.51487,0.00019,0.11088,0.96637
Anxiety,0.0816,0.57323,0.12158,0.13545,0.99044
Anxiety,0.10488,0.63609,0.11315,0.06692,0.89283
Anxiety,0.20526,0.52145,0.10166,0.24815,0.90907
Anxiety,0.01937,0.46104,0.03856,0.01886,0.97854
Anxiety,0.09046,0.44611,0.06693,0.14701,0.94029
Anxiety,0.06402,0.47505,0.06871,0.0593,0.92643
Anxiety,0.00268,0.55542,0.03766,0.04256,0.98232
Anxiety,0.0503,0.47835,0.1105,0.08378,0.97997
Anxiety,0.17488,0.51571,0.06333,0.08546,0.76107
Anxiety,0.00397,0.48183,0.02313,0.01126,0.95119
Anxiety,0.01157,0.49862,0.07713,0.08029,0.83548
Anxiety,0.02434,0.48496,0.01365,0.01584,0.97745
Anxiety,0.13599,0.48024,0.04411,0.07622,0.93528
Anxiety,0.02918,0.53495,0.01814,0.02665,0.99484
Anxiety,0.13316,0.55695,0.00117,0.04032,0.96992
Anxiety,0.1154,0.49434,0.03851,0.10985,0.93974
Anxiety,0.0841,0.48166,0.08967,0.0861,0.91687
Anxiety,0.02468,0.52317,0.01652,0.14842,0.92824
Anxiety,0.00176,0.48667,0.12227,0.09277,0.85109
Anxiety,0.0073,0.47055,0.0013,0.04483,0.9323
Anxiety,0.08772,0.54487,0.09611,0.02595,0.99946
Anxiety,0.0821,0.45967,0.02659,0.05528,0.96971
Anxiety,0.0929,0.45575,0.05095,0.01454,0.8237
Anxiety,0.0068,0.51018,0.01461,0.00574,0.9489
Anxiety,0.03776,0.542,0.05575,0.07062,0.9451
Anxiety,0.01586,0.42959,0.05419,0.08116,0.94685
Anxiety,0.02408,0.5144,0.0951,0.08334,0.98891
Anxiety,0.03822,0.52248,0.04424,0.06446,0.93201
Anxiety,0.18721,0.47223,0.03136,0.01452,0.96295
Anxiety,0.15372,0.58027,0.03612,0.1219,0.86208
Anxiety,0.00463,0.59154,0.05132,0.13887,0.9819
Anxiety,0.03044,0.53263,0.02232,0.00037,0.99234
Anxiety,0.07683,0.48835,0.0378,0.03318,0.97969
Anxiety,0.19854,0.50292,0.02417,0.26031,0.99189
Anxiety,0.13778,0.51748,0.02866,0.07852,0.89744
Anxiety,0.0039,0.37587,0.04188,0.09287,0.97284
Anxiety,0.13119,0.4752,0.01831,0.03743,0.88058
Anxiety,0.23422,0.54108,0.03255,0.0945,0.96536
Anxiety,0.10611,0.48765,0.0744,0.06395,0.85433
Anxiety,0.0994,0.48062,0.00798,0.06236,0.8879
Anxiety,0.01419,0.5135,0.03673,0.051,0.84886
Anxiety,0.15752,0.43502,0.00794,0.11762,0.93506
Anxiety,0.13421,0.43247,0.08445,0.03707,0.89564
Anxiety,0.07461,0.49314,0.03224,0.01226,0.90014
Anxiety,0.079,0.46938,0.05473,0.04846,0.94159
Anxiety,0.23503,0.53794,0.05694,0.07023,0.80752
Anxiety,0.13179,0.46102,0.05277,0.01276,0.85959
Anxiety,0.02375,0.56441,0.01,0.12062,0.93415
Anxiety,0.03586,0.43763,0.02377,0.03396,0.95857
Anxiety,0.08528,0.50091,0.02969,0.04022,0.98972
Anxiety,0.10028,0.47433,0.03518,0.04479,0.99763
Anxiety,0.10857,0.58636,0.03712,0.03456,0.96584
Anxiety,0.11411,0.5314,0.01857,0.04274,0.94147
Anxiety,0.00723,0.48634,0.05735,0.01506,0.83454
Anxiety,0.01921,0.49473,0.00076,0.02329,0.8418
Anxiety,0.04174,0.56208,0.00438,0.01217,0.99366
Anxiety,0.12112,0.55176,0.00216,0.09839,0.9146
Anxiety,0.04927,0.4828,0.0414,0.13892,0.7649
Anxiety,0.01844,0.5446,0.02048,0.03527,0.92666
Anxiety,0.00526,0.45122,0.05639,0.1332,0.92561
Anxiety,0.12282,0.49751,0.14161,0.0309,0.85124
Anxiety,0.11056,0.47952,0.02171,0.04824,0.8409
Anxiety,0.04676,0.50851,0.0417,0.17206,0.98477
Anxiety,0.06558,0.49148,0.0334,0.04302,0.84389
Anxiety,0.05197,0.47843,0.06365,0.03123,0.93603
Anxiety,0.12428,0.50805,0.0307,0.18667,0.935
Anxiety,0.07561,0.5352,0.06706,0.22736,0.98083
Anxiety,0.02453,0.5551,0.04601,0.00391,0.72317
Anxiety,0.24318,0.49031,0.07495,0.01664,0.9524
Anxiety,0.03704,0.51197,0.02344,0.08954,0.95451
Anxiety,0.12822,0.50712,0.07234,0.10949,0.96503
Anxiety,0.03292,0.46854,0.00614,0.08952,0.98168
Anxiety,0.12884,0.48365,0.00115,0.1969,0.89219
Anxiety,0.0056,0.5549,0.02608,0.0619,0.82882
Anxiety,0.21858,0.46568,0.01139,0.06287,0.86832
Anxiety,0.00531,0.49026,0.01013,0.11768,0.82176
Anxiety,0.16644,0.56557,0.16507,0.00765,0.86163
Anxiety,0.02783,0.58363,0.0319,0.03357,0.83276
Anxiety,0.01296,0.55367,0.00534,0.22381,0.80207
Anxiety,0.01732,0.56573,0.01309,0.03559,0.96957
Anxiety,0.13469,0.48455,0.00829,0.02002,0.98081
Anxiety,0.07202,0.57148,0.00171,0.03881,0.85
Anxiety,0.01341,0.504,0.03959,0.05347,0.95049
Anxiety,0.05096,0.53871,0.03592,0.05115,0.96857
Anxiety,0.04344,0.45248,0.03184,0.05483,0.97267
Anxiety,0.16649,0.60697,0.0462,0.1285,0.93263
Anxiety,0.01193,0.53201,0.02765,0.0082,0.9603
Anxiety,0.03902,0.47855,0.00407,0.08758,0.83015
Anxiety,0.04828,0.53065,0.01953,0.03782,0.93223
Anxiety,0.0557,0.54773,0.01945,0.05209,0.91998
Anxiety,0.12731,0.412,0.02437,0.01248,0.86236
Anxiety,0.09066,0.59343,0.05316,0.14829,0.94673
Anxiety,0.14203,0.50069,0.05518,0.00091,0.99742
Anxiety,0.17593,0.46255,0.02053,0.12171,0.88658
Anxiety,0.14979,0.45862,0.08015,0.15514,0.97917
Anxiety,0.10465,0.47524,0.00043,0.10112,0.95801
Anxiety,0.06922,0.4771,0.05729,0.05507,0.94272
Anxiety,0.07584,0.57431,0.00172,0.01052,0.87728
Anxiety,0.00973,0.46883,0.06985,0.07504,0.99627
Anxiety,0.00247,0.60225,0.02363,0.14989,0.88683
Anxiety,0.09183,0.53857,0.10949,0.0476,0.94428
Anxiety,0.05162,0.49855,0.00084,0.17099,0.95414
Anxiety,0.04032,0.53275,0.01738,0.00577,0.92248
Anxiety,0.04457,0.48793,0.05241,0.10157,0.94013
Anxiety,0.17182,0.5555,0.01198,0.13639,0.78542
Anxiety,0.10649,0.53316,0.01133,0.02012,0.8727
Anxiety,0.06355,0.47695,0.04533,0.06008,0.88638
Anxiety,0.01297,0.63935,0.09548,0.00776,0.83111
Anxiety,0.00882,0.50354,0.02415,0.18636,0.93409
Anxiety,0.04678,0.60511,0.01544,0.03395,0.92336
Anxiety,0.26824,0.45761,0.04677,0.00721,0.96623
Anxiety,0.11845,0.51378,0.0055,0.06468,0.97175
Anxiety,0.20566,0.45371,0.0101,0.01767,0.89227
Anxiety,0.08208,0.53988,0.06814,0.10079,0.93479
Anxiety,0.03151,0.45586,0.00226,0.03033,0.857
Anxiety,0.11097,0.57043,0.076,0.02429,0.9507
Anxiety,0.1331,0.47018,0.02008,0.09845,0.97825
Anxiety,0.03271,0.45567,0.0305,0.13157,0.90769
Anxiety,0.08588,0.47493,0.00725,0.0179,0.97265
Anxiety,0.04068,0.43789,0.00982,0.06985,0.94592
Anxiety,0.04946,0.47469,0.09014,0.1052,0.99313
Anxiety,0.08043,0.4397,0.0105,0.00478,0.9596
Anxiety,0.03693,0.49681,0.11876,0.11672,0.74547
Anxiety,0.15551,0.46734,0.01898,0.01463,0.85564
Anxiety,0.22589,0.46121,0.04256,0.03641,0.94395
Anxiety,0.12256,0.43065,0.01952,0.042,0.91613
Anxiety,0.0992,0.52422,0.01446,0.00744,0.85893
Anxiety,0.03165,0.51907,0.02493,0.07002,0.96193
Anxiety,0.11608,0.55516,0.02254,0.12127,0.97784
Anxiety,0.16834,0.4592,0.0591,0.11659,0.97241
Anxiety,0.07438,0.53423,0.08326,0.03183,0.93418
Anxiety,0.12662,0.50296,0.08448,0.02293,0.90837
Anxiety,0.01477,0.51745,0.0423,0.05731,0.97115
Anxiety,0.04422,0.39454,0.12797,0.06779,0.84892
Anxiety,0.25953,0.49832,0.02364,0.01603,0.97508
Anxiety,0.01668,0.51649,0.0415,0.07226,0.9964
Anxiety,0.11451,0.39665,0.01503,0.08479,0.90008
Anxiety,0.00595,0.54839,0.01452,0.0445,0.95643
Anxiety,0.00684,0.50021,0.02283,0.05815,0.77096
Anxiety,0.23621,0.63105,0.05782,0.00892,0.95414
Anxiety,0.06738,0.48971,0.08873,0.07527,0.96668
Anxiety,0.00747,0.47206,0.05319,0.05477,0.91458
Anxiety,0.02397,0.51775,0.0586,0.02576,0.87625
Anxiety,0.04897,0.57278,0.06593,0.08214,0.93557
Anxiety,0.00303,0.52065,0.03689,0.19236,0.81228
Anxiety,0.28323,0.45104,0.05705,0.01797,0.94939
Anxiety,0.02008,0.49882,0.0139,0.03861,0.94404
Anxiety,0.07602,0.48523,0.04921,0.00179,0.99879
Anxiety,0.07649,0.48332,0.04205,0.02154,0.92991
Anxiety,0.06436,0.54378,0.02247,0.13936,0.97915
Anxiety,0.00681,0.45382,0.06513,0.00189,0.98466
Anxiety,0.03383,0.44497,0.08311,0.11431,0.83023
Anxiety,0.03295,0.59127,0.01062,0.12749,0.94926
Anxiety,0.04299,0.49866,0.03867,0.10636,0.9638
Anxiety,0.09505,0.43566,0.09288,0.05363,0.93919
Anxiety,0.04031,0.57753,0.04048,0.01861,0.95972
Anxiety,0.20249,0.46556,0.03461,0.08245,0.90857
Anxiety,0.00868,0.61299,0.0406,0.10296,0.89696
Anxiety,0.10848,0.51016,0.03101,0.02342,0.96049
Anxiety,0.00046,0.52875,0.07089,0.03492,0.84893
Anxiety,0.02205,0.43095,0.04695,0.1206,0.90335
Anxiety,0.26045,0.48507,0.03328,0.03468,0.93248
Anxiety,0.04214,0.58364,0.01969,0.07481,0.97682
Anxiety,0.08474,0.54889,0.02638,0.07324,0.93364
Anxiety,0.07134,0.62127,0.00911,0.11628,0.84553
Anxiety,0.00875,0.48613,0.08671,0.15335,0.97981
Anxiety,0.14691,0.35001,0.0059,0.09214,0.84307
Anxiety,0.00492,0.43135,0.01411,0.03119,0.93371
Anxiety,0.08673,0.50024,0.001,0.04427,0.91374
Anxiety,0.11922,0.42,0.10176,0.06743,0.91667
Anxiety,0.04106,0.51888,0.01916,0.02457,0.99659
Anxiety,0.21481,0.53206,0.00191,0.07902,0.78129
Anxiety,0.22832,0.50689,0.04074,0.12568,0.9782
Anxiety,0.06116,0.47103,0.05263,0.21314,0.92604
Anxiety,0.07848,0.46354,0.01701,0.296,0.92952
Anxiety,0.07386,0.41728,0.04824,0.01085,0.92246
Anxiety,0.06093,0.45177,0.0076,0.03243,0.96481
Anxiety,0.10809,0.45405,0.03018,0.08828,0.91365
Despair,0.81638,0.9905,0.03744,0.04767,0.89232
Despair,0.84794,0.94583,0.02931,0.02916,0.9237
Despair,0.96994,0.90307,0.03793,0.05266,0.94348
Despair,0.99464,0.93734,0.0675,0.035,0.91839
Despair,0.90255,0.96679,0.03348,0.00306,0.97506
Despair,0.98376,0.97446,0.00689,0.04452,0.9606
Despair,0.97829,0.95653,0.04543,0.05347,0.99985
Despair,0.95114,0.91933,0.09085,0.06152,0.95448
Despair,0.9842,0.93792,0.01174,0.01099,0.92711
Despair,0.8223,0.90732,0.04551,0.07901,0.99248
Despair,0.99454,0.96413,0.01173,0.00301,0.9696
Despair,0.87132,0.94722,0.06454,0.04865,0.93789
Despair,0.82315,0.86174,0.01096,0.10332,0.93098
Despair,0.78881,0.93375,0.01504,0.02673,0.92528
Despair,0.99915,0.82733,0.06407,0.04014,0.94617
Despair,0.86244,0.87839,0.02487,0.02454,0.97875
Despair,0.89116,0.84526,0.03964,0.01426,0.94221
Despair,0.9854,0.95933,0.01057,0.08045,0.96532
Despair,0.83096,0.99833,0.09668,0.10841,0.95947
Despair,0.99034,0.99901,0.07552,0.07303,0.99267
Despair,0.99697,0.83787,0.04663,0.00757,0.95057
Despair,0.98806,0.98501,0.04387,0.00644,0.95041
Despair,0.99235,0.9536,0.03655,0.04155,0.98973
Despair,0.96642,0.97169,0.00409,0.02752,0.98891
Despair,0.93003,0.96547,0.01559,0.02285,0.99463
Despair,0.85589,0.92268,2e-05,0.032,0.99202
Despair,0.94116,0.98836,0.05111,0.02275,0.92816
Despair,0.94198,0.91084,0.03939,0.0526,0.98718
Despair,0.86245,0.99656,0.01221,0.0143,0.9473
Despair,0.99198,0.96212,0.02894,0.00096,0.95708
Despair,0.99508,0.95872,0.05193,0.08456,0.97144
Despair,0.97693,0.80855,0.1145,0.03009,0.88189
Despair,0.88767,0.94681,0.03395,0.09428,0.98336
Despair,0.81475,0.79368,0.02065,0.06232,0.95692
Despair,0.89916,0.89094,0.04571,0.02353,0.93789
Despair,0.86982,0.95928,0.0486,0.03256,0.97821
Despair,0.93187,0.97252,0.02312,0.00688,0.95429
Despair,0.91141,0.92752,0.00047,0.03907,0.96982
Despair,0.99143,0.97266,0.00745,0.09464,0.98969
Despair,0.77444,0.84576,0.00515,0.044,0.92395
Despair,0.99335,0.93615,0.04004,0.03628,0.95908
Despair,0.96955,0.97427,0.04036,0.09089,0.96522
Despair,0.96684,0.79908,0.0512,0.03408,0.97965
Despair,0.94343,0.88581,0.0482,0.06479,0.94877
Despair,0.89875,0.89831,0.01975,0.01193,0.97306
Despair,0.81162,0.88642,0.03802,0.06273,0.96015
Despair,0.94868,0.89602,0.03186,0.03264,0.98806
Despair,0.81898,0.89721,0.0228,0.09005,0.93503
Despair,0.86161,0.97583,0.00297,0.02275,0.95247
Despair,0.97526,0.98875,0.00202,0.068,0.98793
Despair,0.98402,0.84595,0.02732,0.0512,0.97581
Despair,0.97925,0.87801,0.05753,0.06923,0.83481
Despair,0.98024,0.87601,0.05461,0.05757,0.99821
Despair,0.99944,0.91977,0.0006,0.04896,0.97759
Despair,0.90183,0.78561,0.01397,0.05057,0.94398
Despair,0.96259,0.96382,0.09574,0.03682,0.95894
Despair,0.9084,0.97459,0.03578,0.00864,0.94459
Despair,0.97549,0.97367,0.00959,0.01551,0.94361
Despair,0.95538,0.99577,0.04283,0.08235,0.92631
Despair,0.94677,0.87121,0.04369,0.03113,0.93865
Despair,0.98202,0.82245,0.04893,0.05583,0.94187
Despair,0.97001,0.88598,0.02408,0.05371,0.98859
Despair,0.9769,0.9999,0.01013,0.06164,0.9287
Despair,0.88964,0.81022,0.01306,0.01359,0.94558
Despair,0.98276,0.98411,0.02187,0.04769,0.96684
Despair,0.97489,0.82256,0.0021,0.02207,0.91612
Despair,0.93774,0.89719,0.03906,0.02028,0.925
Despair,0.98361,0.94095,0.04557,0.02437,0.99088
Despair,0.80633,0.84152,0.06999,0.00026,0.94245
Despair,0.83268,0.99816,0.00118,0.05229,0.99427
Despair,0.96447,0.95048,0.04574,0.11231,0.9448
Despair,0.90949,0.98346,0.00295,0.0409,0.97844
Despair,0.98766,0.90786,0.03167,0.01274,0.95889
Despair,0.86926,0.9204,0.02274,0.01052,0.9829
Despair,0.8947,0.97479,0.02841,0.01126,0.99327
Despair,0.98907,0.8286,0.11233,0.05287,0.93808
Despair,0.83656,0.9137,0.01856,0.00959,0.95183
Despair,0.73918,0.94373,0.00101,0.01725,0.92223
Despair,0.88438,0.99334,0.02937,0.06698,0.97477
Despair,0.91123,0.97288,0.02244,0.06297,0.92705
Despair,0.8548,0.98542,0.05024,0.02684,0.97473
Despair,0.95844,0.86877,0.06694,0.08383,0.98503
Despair,0.95408,0.88053,0.00971,0.04933,0.97878
Despair,0.92598,0.95986,0.02203,0.01359,0.91647
Despair,0.94698,0.83794,0.07327,0.01075,0.97749
Despair,0.95886,0.93103,0.0558,0.04597,0.92088
Despair,0.92283,0.9066,0.11824,0.01102,0.9867
Despair,0.95859,0.81843,0.10086,0.07893,0.87453
Despair,0.99302,0.92362,0.04719,0.0132,0.95311
Despair,0.98829,0.83651,0.0075,0.00903,0.95086
Despair,0.97693,0.98151,0.04661,0.03714,0.96224
Despair,0.989,0.84247,0.05257,0.08301,0.9106
Despair,0.95301,0.87376,0.04771,0.01037,0.94353
Despair,0.81042,0.81562,0.02434,0.05203,0.95991
Despair,0.98431,0.85011,0.07054,0.03967,0.89438
Despair,0.98945,0.96139,0.05248,0.0317,0.9129
Despair,0.84679,0.91238,0.06235,0.00238,0.99362
Despair,0.91722,0.97895,0.01974,0.06079,0.98988
Despair,0.95865,0.95489,0.08596,0.02458,0.9569
Despair,0.88923,0.90796,0.00148,0.00989,0.90315
Despair,0.77163,0.9703,0.01565,0.02099,0.96418
Despair,0.91685,0.9572,0.05152,0.00996,0.98014
Despair,0.99918,0.93955,0.06134,0.04548,0.99825
Despair,0.99314,0.93657,0.00511,0.00436,0.94384
Despair,0.88659,0.99343,0.09477,0.09568,0.99685
Despair,0.90144,0.71829,0.03665,0.04436,0.96046
Despair,0.98379,0.94664,0.00888,0.00547,0.89728
Despair,0.94593,0.80464,0.10387,0.00748,0.99366
Despair,0.9283,0.96948,0.0184,0.01926,0.90404
Despair,0.97313,0.94641,0.04233,0.00204,0.98819
Despair,0.91432,0.95422,0.01717,0.01697,0.9905
Despair,0.99899,0.97427,0.02384,0.00395,0.93159
Despair,0.97872,0.8756,0.03397,0.11927,0.97136
Despair,0.87487,0.88879,0.03389,0.01801,0.98424
Despair,0.95093,0.99642,0.03516,0.03815,0.99153
Despair,0.766,0.98098,0.07904,0.08767,0.93493
Despair,0.99338,0.92384,0.03507,0.04238,0.9918
Despair,0.82089,0.94805,0.03652,0.08268,0.92576
Despair,0.73037,0.97998,0.03968,0.07464,0.94715
Despair,0.93016,0.87377,0.04978,0.04593,0.91934
Despair,0.95866,0.98438,0.00053,0.03196,0.96691
Despair,0.8866,0.96824,0.04844,0.11695,0.96691
Despair,0.99852,0.8348,0.0428,0.05124,0.98556
Despair,0.98618,0.99884,0.01583,0.00884,0.95082
Despair,0.97521,0.96529,0.01479,0.02933,0.93215
Despair,0.9556,0.97797,0.02242,0.00266,0.95514
Despair,0.98479,0.78075,0.02494,0.04303,0.99653
Despair,0.97882,0.92164,0.03113,0.06013,0.99586
Despair,0.917,0.9112,0.01982,0.03429,0.94847
Despair,0.9081,0.89876,0.02738,0.02085,0.94865
Despair,0.85057,0.93454,0.01873,0.08759,0.98589
Despair,0.94201,0.94229,0.10446,0.05193,0.97253
Despair,0.96348,0.97164,0.05265,0.09756,0.98684
Despair,0.97265,0.99021,0.00918,0.07965,0.93676
Despair,0.96155,0.85152,0.01618,0.01185,0.99506
Despair,0.89029,0.93268,0.00062,0.01712,0.98036
Despair,0.96354,0.97515,0.01177,0.0222,0.96406
Despair,0.89193,0.96136,0.03568,0.02008,0.93764
Despair,0.98367,0.93155,0.04604,0.10356,0.98799
Despair,0.99805,0.85796,0.0874,0.00795,0.944
Despair,0.77178,0.9311,0.00793,0.03188,0.94473
Despair,0.92383,0.81868,0.04511,0.03813,0.95582
Despair,0.88586,0.9538,0.06032,0.01567,0.91379
Despair,0.77991,0.88586,0.03779,0.01338,0.95005
Despair,0.89183,0.91771,0.09237,0.04586,0.98348
Despair,0.93424,0.91187,0.01351,0.03318,0.96121
Despair,0.97755,0.98352,0.03222,0.00556,0.99185
Despair,0.94916,0.97756,0.02234,0.04484,0.92804
Despair,0.96088,0.94242,0.01522,0.0963,0.98056
Despair,0.99389,0.99615,0.08041,0.03381,0.99561
Despair,0.87793,0.89872,0.06017,0.06413,0.95814
Despair,0.89054,0.9325,0.00669,0.01006,0.9391
Despair,0.91729,0.81639,0.05269,0.0133,0.91536
Despair,0.9488,0.97403,0.023,0.03253,0.96914
Despair,0.75474,0.9206,0.03834,0.10469,0.9968
Despair,0.94805,0.99972,0.01598,0.02708,0.95506
Despair,0.97168,0.99844,0.02463,0.02659,0.98093
Despair,0.89091,0.9152,0.06886,0.00297,0.94886
Despair,0.97132,0.82056,0.06314,0.04464,0.96678
Despair,0.92844,0.99974,0.01828,0.01531,0.95929
Despair,0.72854,0.96642,0.07923,0.0779,0.99119
Despair,0.95386,0.82035,0.12106,0.13273,0.98217
Despair,0.93755,0.97083,0.04828,0.04723,0.98051
Despair,0.97461,0.98736,0.02787,0.04131,0.95629
Despair,0.97465,0.9835,0.01809,0.00526,0.94739
Despair,0.99691,0.93022,0.09129,0.00851,0.9293
Despair,0.91746,0.97257,0.00036,0.10941,0.87963
Despair,0.8382,0.85409,0.02715,0.00849,0.92352
Despair,0.97662,0.96659,0.02623,0.00956,0.98506
Despair,0.92104,0.89593,0.01794,0.07642,0.9524
Despair,0.98703,0.89101,0.03213,0.02075,0.9807
Despair,0.97779,0.83287,0.004,0.02331,0.95202
Despair,0.94318,0.94283,0.06399,0.03271,0.96855
Despair,0.93179,0.99105,0.01011,0.00797,0.91978
Despair,0.93268,0.81695,0.00036,0.0152,0.97114
Despair,0.92723,0.91658,0.00708,0.0019,0.98558
Despair,0.75143,0.94487,0.03923,0.02069,0.97946
Despair,0.98334,0.8434,0.0214,0.10595,0.98916
Despair,0.94079,0.77747,0.04494,0.04873,0.97339
Despair,0.96192,0.98174,0.01563,0.0715,0.99008
Despair,0.86136,0.89816,0.04458,0.0921,0.95134
Despair,0.965,0.9215,0.04119,0.04155,0.98986
Despair,0.98324,0.95252,0.04834,0.02285,0.9596
Despair,0.97768,0.9185,0.16036,0.01633,0.98475
Despair,0.89748,0.8912,0.00595,0.01199,0.95488
Despair,0.83156,0.89859,0.07328,0.02649,0.96479
Despair,0.94607,0.95714,0.00832,0.01714,0.99154
Despair,0.91601,0.92045,0.03429,0.00783,0.98189
Despair,0.77957,0.96287,0.07611,0.02494,0.99952
Despair,0.9853,0.96435,0.01998,0.05238,0.92127
Despair,0.96206,0.94877,0.03875,0.01158,0.99762
Despair,0.92069,0.99065,0.03369,0.02827,0.93125
Despair,0.92861,0.95944,0.00491,0.03245,0.98821
Despair,0.95242,0.94625,0.00195,0.00623,0.953
Despair,0.98157,0.95622,0.05185,0.01387,0.99374
Despair,0.92263,0.98275,0.07244,0.06089,0.93221
Despair,0.96982,0.88317,0.02545,0.05335,0.95552
Despair,0.844,0.987,0.03729,0.05546,0.99997
Despair,0.96209,0.93802,0.04094,0.00548,0.99689
Despair,0.92961,0.88662,0.02309,0.04293,0.99276
Despair,0.99881,0.94717,0.09506,0.02186,0.99236
Despair,0.8717,0.86764,0.08422,0.05844,0.94406
Despair,0.91659,0.81955,0.03449,0.03123,0.94064
Despair,0.91806,0.93081,0.07167,0.10722,0.99637
Despair,0.97904,0.95054,0.02863,0.05172,0.95646
Despair,0.9519,0.93127,0.01563,0.05321,0.99916
Despair,0.94231,0.96869,0.00993,0.01294,0.94469
Despair,0.97799,0.96852,0.02746,0.05877,0.99861
Despair,0.9566,0.97459,0.12591,0.01783,0.97701
Despair,0.89848,0.97497,0.02852,0.04491,0.96538
Despair,0.92038,0.94103,0.06797,0.06255,0.99503
Despair,0.99866,0.89112,0.00917,0.00126,0.98838
Despair,0.75367,0.85387,0.10633,0.04684,0.96095
Despair,0.89443,0.895,0.02829,0.0017,0.93109
Despair,0.92419,0.92975,0.0895,0.04219,0.9805
Despair,0.7445,0.82253,0.03751,0.06546,0.9878
Despair,0.88902,0.96694,0.09892,0.09372,0.97333
Despair,0.79242,0.88091,0.01983,0.03448,0.99557
Despair,0.9404,0.94528,0.03484,0.0593,0.99468
Despair,0.8013,0.85017,0.00233,0.01364,0.98505
Despair,0.93175,0.96325,0.00632,0.00748,0.9926
Despair,0.96496,0.9991,0.01003,0.09581,0.95242
Despair,0.97584,0.98697,0.01568,0.00711,0.93469
Despair,0.82392,0.9911,0.02302,0.00269,0.94518
Despair,0.9415,0.97757,0.05361,0.03087,0.94875
Despair,0.96624,0.95566,0.05717,0.03573,0.95221
Despair,0.84831,0.96498,0.04276,0.05158,0.93299
Despair,0.94223,0.98134,0.03867,0.04076,0.97109
Despair,0.95524,0.88212,0.00582,0.00245,0.99171
Despair,0.85858,0.7867,0.04629,0.07101,0.96204
Despair,0.91272,0.94265,0.08411,0.03151,0.97677
Despair,0.90128,0.8577,0.05907,0.01398,0.99915
Despair,0.85921,0.787,0.09352,0.00648,0.98245
Despair,0.96756,0.96158,0.01128,0.06432,0.94469
Despair,0.92447,0.90941,0.02454,0.04103,0.98349
Despair,0.99284,0.98314,0.07081,0.04733,0.99505
Despair,0.8966,0.91633,0.01747,0.02311,0.98403
Despair,0.84163,0.98337,0.05235,0.01991,0.9474
Despair,0.99912,0.98561,0.02089,0.03729,0.98314
Despair,0.99785,0.97668,0.08278,0.02346,0.95666
Despair,0.9649,0.91842,0.04209,0.00255,0.99947
Despair,0.81891,0.81863,0.00395,0.03803,0.99189
Despair,0.94654,0.9087,0.04417,0.02823,0.96282
Despair,0.98023,0.94766,0.01722,0.08994,0.9679
Despair,0.92739,0.94042,0.00333,0.02253,0.9665
Despair,0.89628,0.92191,0.05671,0.09451,0.96106
Despair,0.95744,0.94047,0.0192,0.04707,0.98063
Despair,0.88127,0.95366,0.00751,0.03248,0.99139
Despair,0.93659,0.87496,0.08056,0.03127,0.95418
Despair,0.94242,0.96772,0.03407,0.02227,0.99162
Despair,0.78848,0.88549,0.00786,0.03407,0.96098
Despair,0.99038,0.93937,0.06043,0.02179,0.95844
Despair,0.9537,0.94136,0.10525,0.02195,0.98972
Despair,0.94734,0.99259,0.12195,0.06201,0.99872
Despair,0.96968,0.94403,0.01735,0.01513,0.95095
Despair,0.94965,0.99512,0.07852,0.01886,0.99835
Despair,0.94489,0.95664,0.04176,0.02668,0.96743
Despair,0.82075,0.84599,0.06074,0.00699,0.95713
Despair,0.88201,0.98499,0.02724,0.01315,0.98624
Despair,0.99973,0.95622,0.08965,0.05202,0.93694
Despair,0.85897,0.98651,0.01989,0.05097,0.98105
Despair,0.93248,0.94149,0.00143,0.03361,0.96297
Despair,0.9407,0.96844,0.12823,0.00944,0.89893
Despair,0.94672,0.97536,0.03102,0.02212,0.95954
Despair,0.78633,0.89432,0.04803,0.07517,0.96345
Despair,0.88323,0.93967,0.0192,0.0747,0.9338
Despair,0.77646,0.82518,0.05598,0.0094,0.94473
Despair,0.81369,0.98833,0.05655,0.00063,0.9685
Despair,0.96293,0.9462,0.01628,0.02387,0.99245
Despair,0.98645,0.96364,0.008,0.08576,0.96693
Despair,0.89758,0.8595,0.07545,0.02045,0.9343
Despair,0.90122,0.90751,0.05973,0.01679,0.93275
Despair,0.83358,0.92974,0.06783,0.01195,0.93808
Despair,0.96046,0.95059,0.07066,0.06869,0.9027
Despair,0.85238,0.92851,0.03442,0.0168,0.98743
Despair,0.98805,0.78171,0.02568,0.03547,0.9941
Despair,0.92418,0.99155,0.03981,0.04893,0.97276
Despair,0.8766,0.89082,0.03452,0.01782,0.98451
Despair,0.93983,0.85133,0.07444,0.01669,0.97157
Despair,0.80982,0.95177,0.03667,0.02439,0.9117
Despair,0.87016,0.92333,0.00082,0.03582,0.97579
Despair,0.82069,0.86061,0.05321,0.04612,0.94581
Despair,0.92833,0.98629,0.04055,0.04804,0.9648
Despair,0.89843,0.97119,0.06749,0.05325,0.99075
Despair,0.99184,0.96512,0.03828,0.01713,0.98404
Despair,0.94508,0.80713,0.02436,0.03107,0.9758
Despair,0.79697,0.95759,0.01096,0.04429,0.97548
Despair,0.93701,0.99029,0.00342,0.02102,0.95622
Despair,0.96827,0.97352,0.03181,0.03202,0.96268
Despair,0.95907,0.97622,0.03284,0.06329,0.97845
Despair,0.9378,0.87867,0.15995,0.05768,0.92073
Despair,0.77002,0.94786,0.03591,0.00882,0.95573
Despair,0.87762,0.93694,0.0052,0.05295,0.99288
Despair,0.8046,0.93489,0.0255,0.0258,0.9869
Despair,0.98604,0.94218,0.04399,0.03303,0.94224
Despair,0.98282,0.86179,0.03608,0.03743,0.91085
Despair,0.92767,0.93387,0.0267,0.02259,0.99202
Despair,0.76898,0.88825,0.00333,0.03693,0.94604
Despair,0.94978,0.92809,0.04245,0.0113,0.96301
Despair,0.89281,0.86219,0.06025,0.002,0.96299
Despair,0.94105,0.96835,0.00878,0.01334,0.90064
Despair,0.86071,0.95222,0.07531,0.00477,0.97467
Despair,0.91298,0.95135,0.03297,0.03429,0.92959
Despair,0.78858,0.99341,0.0807,0.05913,0.96876
Despair,0.813,0.81624,0.03582,0.0229,0.99292
Despair,0.99117,0.83896,0.0105,0.02518,0.99367
Despair,0.88809,0.91721,0.02737,0.05604,0.98374
Despair,0.8806,0.95875,0.00237,0.04275,0.96514
Despair,0.94948,0.89077,0.04508,0.033,0.98712
Despair,0.87034,0.83754,0.0523,0.01671,0.95444
Despair,0.70987,0.91158,0.0062,0.08798,0.95141
Despair,0.96634,0.97874,0.0593,0.0594,0.91477
Despair,0.99794,0.96848,0.11521,0.0013,0.95292
Despair,0.94258,0.94709,0.02354,0.0155,0.989
Despair,0.95044,0.99118,0.06153,0.03355,0.96104
Despair,0.68259,0.99004,0.04887,0.01793,0.99739
Despair,0.80156,0.99087,0.1104,0.01302,0.92323
Despair,0.77077,0.932,0.08031,0.0073,0.94926
Despair,0.75928,0.9571,0.07731,0.00176,0.95413
Despair,0.90094,0.97016,0.0699,0.03101,0.9397
Despair,0.82879,0.89605,0.02562,0.05789,0.99848
Despair,0.81591,0.78484,0.0127,0.11674,0.95844
Despair,0.81492,0.90876,0.09764,0.04254,0.97446
Despair,0.91499,0.85893,0.04748,0.01367,0.97512
Despair,0.83976,0.93634,0.00075,0.06347,0.91565
Despair,0.96214,0.84908,0.02234,0.01451,0.94298
Despair,0.90668,0.94753,0.0102,0.01406,0.9701
Despair,0.866,0.98219,0.00273,0.05523,0.98109
Despair,0.98025,0.93001,0.05478,0.01239,0.96333
Despair,0.90777,0.92452,0.063,0.01011,0.93649
Despair,0.98992,0.99562,0.0341,0.01202,0.94533
Despair,0.88256,0.99622,0.02872,0.0079,0.94073
Despair,0.87236,0.89439,0.01483,0.06196,0.93996
Despair,0.99963,0.8975,0.03438,0.00573,0.97161
Despair,0.99266,0.98029,0.00668,0.02212,0.95562
Despair,0.98207,0.86668,0.04985,0.06791,0.9861
Despair,0.89178,0.93654,0.02037,0.0678,0.91343
Despair,0.83298,0.92043,0.0489,0.03572,0.90576
Despair,0.90065,0.87943,0.03421,0.0474,0.93754
Despair,0.93554,0.95682,0.02621,0.03863,0.97319
Despair,0.94419,0.96249,0.05669,0.03387,0.9089
Despair,0.91236,0.98467,0.00506,0.00837,0.93147
Despair,0.91932,0.94132,0.0504,0.00183,0.96989
Despair,0.85072,0.88652,0.08945,0.00871,0.9114
Despair,0.93738,0.97556,0.00905,0.05791,0.8699
Despair,0.94189,0.88867,0.00993,0.04516,0.9651
Despair,0.94013,0.86459,0.08004,0.05714,0.96753
Despair,0.8814,0.9214,0.036,0.05205,0.9637
Despair,0.98058,0.99599,0.00415,0.04682,0.89959
Despair,0.91078,0.91459,0.01533,0.05293,0.91955
Despair,0.93931,0.91049,0.01629,0.01372,0.98069
Despair,0.93162,0.996,0.02942,0.02054,0.97479
Despair,0.86263,0.89618,0.05497,0.02053,0.98248
Despair,0.97461,0.90098,0.01906,0.06467,0.96847
Despair,0.82962,0.97132,0.01882,0.04282,0.93157
Despair,0.965,0.81936,0.06087,0.04391,0.96837
Despair,0.93745,0.92321,0.01321,0.03816,0.98648
Despair,0.9995,0.93525,0.01946,0.09138,0.98607
Despair,0.99402,0.93832,0.00713,0.08102,0.96807
Despair,0.83266,0.92831,0.09164,0.01548,0.94394
Despair,0.96418,0.7915,0.01368,0.03252,0.99724
Despair,0.94756,0.88481,0.04406,0.01946,0.98279
Despair,0.92393,0.98956,0.06879,0.01118,0.95443
Despair,0.95952,0.94912,0.03728,0.03055,0.96377
Despair,0.90604,0.97296,0.00421,0.00023,0.98579
Despair,0.82289,0.99726,0.0182,0.0754,0.96745
Despair,0.95925,0.98466,0.01757,0.11834,0.95197
Despair,0.81587,0.96723,0.05554,0.04873,0.9903
Despair,0.91372,0.96884,0.01794,0.05469,0.98976
Despair,0.90608,0.90532,0.07317,0.01933,0.98587
Despair,0.93767,0.90824,0.01181,0.0782,0.98002
Despair,0.98225,0.96907,0.04772,0.01279,0.97898
Despair,0.911,0.84662,0.04343,0.00328,0.91447
Despair,0.84753,0.99376,0.02783,0.07901,0.95656
Despair,0.78078,0.96119,0.0513,0.01308,0.9413
Despair,0.96506,0.89651,0.03588,0.00814,0.95198
Despair,0.99566,0.93776,0.02796,0.01546,0.97633
Despair,0.98792,0.93486,0.0048,0.08433,0.96011
Despair,0.95786,0.96121,0.00955,0.06126,0.98317
Despair,0.92319,0.83336,0.01667,0.06983,0.98777
Despair,0.75005,0.98306,0.06444,0.00802,0.96063
Despair,0.87724,0.90936,0.08674,0.05056,0.96286
Despair,0.93941,0.95017,0.08783,0.04991,0.95359
Despair,0.93373,0.99477,0.00577,0.13494,0.90497
Despair,0.94604,0.96621,0.02368,0.04812,0.97921
Despair,0.89284,0.74371,0.02095,0.0216,0.99646
Despair,0.98003,0.92805,0.06332,0.04117,0.98178
Despair,0.93694,0.9301,0.01993,0.03444,0.97973
Despair,0.99712,0.85991,0.08603,0.00675,0.93982
Despair,0.81309,0.87495,0.0421,0.05634,0.94304
Despair,0.98424,0.82814,0.01006,0.06633,0.98651
Despair,0.94079,0.81537,0.08374,0.02371,0.94302
Despair,0.90515,0.94003,0.02703,0.02143,0.94777
Despair,0.99791,0.97577,0.06131,0.00151,0.93297
Despair,0.93562,0.98403,0.03247,0.02109,0.93538
Despair,0.83574,0.97643,0.06789,0.02196,0.92672
Despair,0.87715,0.97873,0.01001,0.12084,0.96702
Despair,0.98153,0.94523,0.01887,0.00179,0.94504
Despair,0.99373,0.9797,0.0031,0.00059,0.85952
Despair,0.99773,0.85714,0.03361,0.02788,0.99789
Irritation,0.17102,0.38684,0.07442,0.44565,0.48501
Irritation,0.0148,0.55384,0.07101,0.63789,0.4854
Irritation,0.20447,0.41587,0.01995,0.47196,0.48374
Irritation,0.08921,0.41862,0.05694,0.48696,0.45395
Irritation,0.11778,0.49377,0.00666,0.50365,0.48952
Irritation,0.2372,0.49328,0.04391,0.51951,0.52352
Irritation,0.04625,0.54399,0.03856,0.39245,0.41262
Irritation,0.17235,0.50771,0.00725,0.50948,0.54829
Irritation,0.04956,0.46539,0.07746,0.55818,0.57849
Irritation,0.02474,0.39484,0.09519,0.44898,0.48081
Irritation,0.13312,0.54713,0.17949,0.50394,0.53818
Irritation,0.04967,0.47399,0.03807,0.47527,0.5555
Irritation,0.17835,0.52571,0.06333,0.58486,0.37758
Irritation,0.03218,0.55887,0.01506,0.42462,0.49224
Irritation,0.02172,0.42375,0.08758,0.42259,0.39859
Irritation,0.01005,0.55201,0.0542,0.53326,0.43233
Irritation,0.01137,0.5,0.14339,0.48983,0.4929
Irritation,0.03447,0.49197,0.05523,0.49465,0.55359
Irritation,0.13031,0.52755,0.01832,0.56461,0.45575
Irritation,0.17832,0.55348,0.04487,0.47572,0.55238
Irritation,0.0558,0.52015,0.01023,0.42985,0.55466
Irritation,0.09228,0.50244,0.04958,0.37323,0.58538
Irritation,0.04303,0.4885,0.17496,0.44807,0.60481
Irritation,0.09862,0.45503,0.04241,0.4753,0.51326
Irritation,0.02291,0.46008,0.06994,0.52987,0.55962
Irritation,0.15196,0.3816,0.06201,0.45969,0.4322
Irritation,0.00602,0.47999,0.03,0.47217,0.45335
Irritation,0.10961,0.49761,0.01999,0.48886,0.45506
Irritation,0.01232,0.45499,0.0255,0.55178,0.4626
Irritation,0.00019,0.50442,0.00786,0.46358,0.51269
Irritation,0.02344,0.46642,0.11652,0.46704,0.48601
Irritation,0.10088,0.4342,0.10954,0.4703,0.5343
Irritation,0.074,0.51112,0.09139,0.50868,0.44205
Irritation,0.04358,0.49342,0.0576,0.55974,0.5427
Irritation,0.05214,0.526,0.05827,0.51209,0.52956
Irritation,0.13111,0.47928,0.02229,0.47124,0.44422
Irritation,0.28255,0.47235,0.00118,0.49691,0.45638
Irritation,0.08116,0.44922,0.13034,0.43113,0.43558
Irritation,0.06524,0.53706,0.02475,0.5163,0.4772
Irritation,0.05077,0.48713,0.07414,0.48916,0.55153
Irritation,0.02983,0.50864,0.01234,0.48554,0.54522
Irritation,0.14622,0.42369,0.01087,0.43537,0.54852
Irritation,0.02465,0.46127,0.05151,0.5826,0.48376
Irritation,0.09965,0.5112,0.02894,0.45833,0.46106
Irritation,0.01625,0.52993,0.05565,0.45667,0.4815
Irritation,0.18731,0.50602,0.06973,0.48698,0.4818
Irritation,0.0824,0.5224,0.0689,0.49587,0.48894
Irritation,0.08697,0.46033,0.00202,0.48751,0.5233
Irritation,0.07233,0.52538,0.00188,0.52516,0.50138
Irritation,0.06256,0.47432,0.0611,0.42974,0.42331
Irritation,0.04442,0.51483,0.01837,0.54032,0.44288
Irritation,0.10354,0.47085,0.04406,0.5837,0.54398
Irritation,0.06051,0.51657,0.07266,0.52057,0.57009
Irritation,0.12786,0.52701,0.01193,0.47631,0.60777
Irritation,0.04822,0.43347,0.02218,0.51136,0.47712
Irritation,0.02765,0.53758,0.07209,0.52978,0.43594
Irritation,0.0698,0.56366,0.02893,0.51423,0.50471
Irritation,0.05342,0.44545,0.00165,0.47147,0.50345
Irritation,0.06899,0.44574,0.04321,0.46988,0.54171
Irritation,0.08755,0.45137,0.07522,0.56771,0.50397
Irritation,0.08487,0.39324,0.06785,0.45481,0.43303
Irritation,0.12602,0.51495,0.0095,0.52038,0.46702
Irritation,0.15185,0.51608,0.01465,0.4631,0.50307
Irritation,0.16643,0.51272,0.03626,0.502,0.49469
Irritation,0.00298,0.47538,0.07311,0.54802,0.52605
Irritation,0.05654,0.54465,0.0887,0.46793,0.41174
Irritation,0.10852,0.51875,0.07747,0.51049,0.45283
Irritation,0.08418,0.45371,0.05476,0.52136,0.50827
Irritation,0.05327,0.53117,0.01576,0.50006,0.47309
Irritation,0.07885,0.50569,0.0777,0.54734,0.49499
Irritation,0.04404,0.4562,0.03187,0.44742,0.43203
Irritation,0.04733,0.45332,0.00537,0.49016,0.47458
Irritation,0.02393,0.57811,0.05854,0.54034,0.59154
Irritation,0.14448,0.51841,0.06742,0.46054,0.46333
Irritation,0.01815,0.46804,0.01527,0.53002,0.60493
Irritation,0.00528,0.49401,0.00184,0.48672,0.53835
Irritation,0.04089,0.54112,0.04626,0.5228,0.42923
Irritation,0.07535,0.53443,0.04257,0.48777,0.56511
Irritation,0.16914,0.4631,0.00925,0.50133,0.46153
Irritation,0.00525,0.46727,0.01875,0.43374,0.5216
Irritation,0.04244,0.50085,0.06493,0.48187,0.42497
Irritation,0.09809,0.56196,0.03419,0.43144,0.43916
Irritation,0.20847,0.51023,0.1177,0.52388,0.48725
Irritation,0.07931,0.50774,0.06485,0.5224,0.51763
Irritation,0.11485,0.57531,0.0881,0.41957,0.43796
Irritation,0.02265,0.48431,0.01383,0.45926,0.49107
Irritation,0.15157,0.50539,0.03199,0.49771,0.61085
Irritation,0.21847,0.52079,0.02899,0.49022,0.39715
Irritation,0.14488,0.47467,0.01781,0.56957,0.46795
Irritation,0.05933,0.45255,0.02733,0.49192,0.54703
Irritation,0.04293,0.5154,0.01037,0.50612,0.47923
Irritation,0.0528,0.45227,0.03483,0.52675,0.45161
Irritation,0.1405,0.50648,0.03615,0.60352,0.55943
Irritation,0.04088,0.53693,0.08259,0.47327,0.45805
Irritation,0.0905,0.42575,0.02142,0.4978,0.50168
Irritation,0.01253,0.55502,0.07513,0.38785,0.54501
Irritation,0.13521,0.57295,0.00396,0.49235,0.46617
Irritation,0.13236,0.43591,0.03774,0.52729,0.471
Irritation,0.03425,0.45756,0.00724,0.53322,0.55241
Irritation,0.0394,0.50913,0.07103,0.50538,0.5492
Irritation,0.07715,0.4495,0.02188,0.54089,0.51949
Irritation,0.05934,0.46806,0.10731,0.52398,0.4833
Irritation,0.00646,0.50228,0.00746,0.5393,0.49634
Irritation,0.00782,0.52454,0.01972,0.48493,0.39626
Irritation,0.04302,0.49826,0.07546,0.54233,0.47624
Irritation,0.0201,0.57143,0.01485,0.44926,0.61023
Irritation,0.18579,0.50862,0.04986,0.53057,0.47964
Irritation,0.06439,0.52437,0.04426,0.54388,0.47022
Irritation,0.07936,0.52109,0.04832,0.42281,0.47046
Irritation,0.02123,0.40914,0.01751,0.51349,0.51697
Irritation,0.07666,0.51381,0.05419,0.45889,0.48183
Irritation,0.23937,0.46545,0.09705,0.49069,0.45621
Irritation,0.00195,0.47798,0.01539,0.43665,0.51966
Irritation,0.02324,0.57261,0.04518,0.51789,0.52037
Irritation,0.18922,0.50997,0.05423,0.52189,0.43285
Irritation,0.09262,0.55247,0.01837,0.51958,0.61309
Irritation,0.22222,0.53724,0.04922,0.4445,0.50094
Irritation,0.15909,0.38749,0.06336,0.4745,0.5283
Irritation,0.08728,0.44133,0.03637,0.51552,0.53829
Irritation,0.02173,0.55636,0.03523,0.47935,0.50633
Irritation,0.10465,0.41806,0.01452,0.55052,0.55238
Irritation,0.0251,0.56987,0.09135,0.49532,0.50396
Irritation,0.0706,0.50528,0.03172,0.42039,0.58246
Irritation,0.0549,0.47824,0.04753,0.45507,0.52831
Irritation,0.07147,0.41806,0.10367,0.51033,0.53791
Irritation,0.00073,0.5024,0.00248,0.41997,0.37462
Irritation,0.15283,0.54709,0.11202,0.47616,0.53861
Irritation,0.09449,0.47912,0.02145,0.4464,0.46864
Irritation,0.12837,0.47405,0.02165,0.49546,0.5274
Irritation,0.02324,0.46435,0.01426,0.55915,0.49067
Irritation,0.00686,0.42864,0.01179,0.57162,0.48674
Irritation,0.00665,0.48211,0.01833,0.46473,0.43823
Irritation,0.0134,0.52879,0.0274,0.44356,0.50989
Irritation,0.14954,0.56742,0.00394,0.3079,0.54889
Irritation,0.10875,0.43246,0.0405,0.51631,0.45108
Irritation,0.21518,0.54229,0.01367,0.48698,0.45173
Irritation,0.09908,0.53839,0.02552,0.47403,0.5213
Irritation,0.1444,0.49371,0.08116,0.4923,0.56149
Irritation,0.06556,0.6004,0.05522,0.54969,0.48443
Irritation,0.11333,0.4968,0.00866,0.56275,0.48656
Irritation,0.04935,0.46593,0.01517,0.50979,0.50105
Irritation,0.04469,0.50942,0.0373,0.55737,0.49177
Irritation,0.03675,0.5197,0.04374,0.51474,0.55107
Irritation,0.22954,0.52657,0.08514,0.534,0.50656
Irritation,0.04559,0.55747,0.15327,0.53344,0.54729
Irritation,0.05099,0.45429,0.09832,0.47326,0.5449
Irritation,0.0049,0.55371,0.13333,0.50607,0.63182
Irritation,0.19053,0.53284,0.03902,0.44521,0.54888
Irritation,0.03937,0.55144,0.09925,0.53666,0.43653
Irritation,0.02495,0.5369,0.00658,0.55303,0.39095
Irritation,0.17658,0.5407,0.05211,0.56623,0.51142
Irritation,0.02134,0.50817,0.04863,0.4713,0.46338
Irritation,0.06507,0.51859,0.00807,0.48056,0.54698
Irritation,0.03306,0.44218,0.02044,0.44064,0.5517
Irritation,0.05738,0.42003,0.03272,0.51968,0.44123
Irritation,0.08137,0.46211,0.02528,0.53791,0.5304
Irritation,0.18508,0.4698,0.00448,0.47204,0.50595
Irritation,0.10273,0.51106,0.03344,0.45057,0.48456
Irritation,0.0039,0.57502,0.01084,0.44418,0.50361
Irritation,0.01859,0.50961,0.00992,0.44921,0.45587
Irritation,0.07903,0.51401,0.07298,0.47525,0.42617
Irritation,0.044,0.46163,0.03444,0.50813,0.45375
Irritation,0.01489,0.50761,0.03504,0.523,0.4723
Irritation,0.04693,0.46137,0.0816,0.52431,0.51102
Irritation,0.00535,0.5494,0.02485,0.54057,0.44476
Irritation,0.10882,0.45955,0.005,0.53459,0.47622
Irritation,0.08699,0.54627,0.08073,0.46632,0.54456
Irritation,0.04277,0.47798,0.00121,0.47442,0.53401
Irritation,0.04195,0.55044,0.06136,0.52921,0.43887
Irritation,0.12071,0.46586,0.02635,0.49947,0.47093
Irritation,0.17858,0.48777,0.0334,0.40746,0.4639
Irritation,0.14662,0.45322,0.03638,0.48794,0.55591
Irritation,0.09301,0.59493,0.04339,0.4489,0.49517
Irritation,0.00821,0.49302,0.02436,0.51848,0.42751
Irritation,0.06147,0.47849,0.0799,0.55443,0.42404
Irritation,0.04601,0.53781,0.02189,0.42598,0.50875
Irritation,0.01274,0.54405,0.04774,0.47827,0.46882
Irritation,0.05883,0.41568,0.01155,0.48711,0.49819
Irritation,0.10879,0.5125,0.01709,0.54822,0.46467
Irritation,0.13497,0.52505,0.05769,0.45235,0.45606
Irritation,0.08389,0.55695,0.07153,0.58662,0.44298
Irritation,0.14481,0.48952,0.04386,0.54727,0.51519
Irritation,0.11968,0.42761,0.05777,0.56389,0.57749
Irritation,0.00219,0.42925,0.0012,0.54427,0.53027
Irritation,0.10221,0.48841,0.05287,0.41682,0.47322
Irritation,0.11815,0.55403,0.09016,0.61691,0.43429
Irritation,0.22683,0.5406,0.0112,0.50567,0.51376
Irritation,0.04816,0.498,0.00421,0.51652,0.4768
Irritation,0.02484,0.48005,0.01061,0.4217,0.48388
Irritation,4e-05,0.43102,0.02145,0.49052,0.51659
Irritation,0.01343,0.58752,0.00281,0.50623,0.54809
Irritation,0.08337,0.48603,0.04012,0.52891,0.4279
Irritation,0.00175,0.51235,0.08278,0.53159,0.50701
Irritation,0.01493,0.4755,0.00533,0.45281,0.46393
Irritation,0.00481,0.42208,0.02177,0.48612,0.49635
Irritation,0.14231,0.52393,0.00638,0.53132,0.46639
Irritation,0.16181,0.48608,0.07103,0.54111,0.50637
Irritation,0.12897,0.49153,0.02812,0.59244,0.48149
Irritation,0.05204,0.51335,0.02002,0.60206,0.44134
Irritation,0.0586,0.56222,0.00671,0.56658,0.49523
Irritation,0.01505,0.44851,0.05618,0.48114,0.54223
Irritation,0.04631,0.44555,0.01819,0.44294,0.54786
Irritation,0.04899,0.4848,0.01247,0.41731,0.5568
Irritation,0.02749,0.48721,0.00658,0.4024,0.46016
Irritation,0.11057,0.5474,0.02549,0.47903,0.52326
Irritation,0.15125,0.52042,0.04401,0.4779,0.46009
Irritation,0.12025,0.54738,0.00391,0.41702,0.47815
Irritation,0.05563,0.54282,0.06312,0.57143,0.51333
Irritation,0.10702,0.41139,0.03561,0.54992,0.50842
Irritation,0.04597,0.56627,0.06188,0.46942,0.5024
Irritation,0.05806,0.49503,0.05474,0.45578,0.47364
Irritation,0.05611,0.47106,0.05472,0.5632,0.449
Irritation,0.06918,0.47913,0.02118,0.50339,0.50171
Irritation,0.05907,0.50596,0.01326,0.44436,0.49213
Irritation,0.02018,0.51336,0.04298,0.43774,0.46507
Irritation,0.12556,0.55563,0.08993,0.52147,0.547
Irritation,0.02948,0.50446,0.04496,0.45145,0.44899
Irritation,0.08343,0.5624,0.03104,0.49107,0.43389
Irritation,0.05952,0.5287,0.06758,0.48867,0.42626
Irritation,0.18958,0.53959,0.02537,0.49223,0.55183
Irritation,0.03457,0.60902,0.02081,0.44877,0.48216
Irritation,0.02187,0.54661,0.11181,0.45824,0.49219
Irritation,0.04049,0.46652,0.01313,0.50311,0.58022
Irritation,0.19197,0.50623,0.01486,0.44451,0.512
Irritation,0.00064,0.42371,0.01625,0.46148,0.52854
Irritation,0.09253,0.42101,0.01671,0.46065,0.48469
Irritation,0.15324,0.49956,0.04996,0.49982,0.51901
Irritation,0.03237,0.40666,0.07383,0.46961,0.5487
Irritation,0.16241,0.53046,0.00606,0.4952,0.4684
Irritation,0.0444,0.4723,0.00121,0.39914,0.59874
Irritation,0.08179,0.49521,0.0353,0.49649,0.49327
Irritation,0.09325,0.47959,0.02944,0.49058,0.53172
Irritation,0.04821,0.42413,0.03718,0.49826,0.58652
Irritation,0.135,0.41868,0.03916,0.43593,0.4821
Irritation,0.01335,0.4679,0.03588,0.45159,0.45001
Irritation,0.13843,0.53234,0.04744,0.5183,0.56114
Irritation,0.07769,0.39582,0.03304,0.41208,0.48876
Irritation,0.02095,0.44622,0.0186,0.41926,0.50983
Irritation,0.05592,0.63591,0.06401,0.50495,0.43864
Irritation,0.12354,0.49649,0.01582,0.62771,0.58697
Irritation,0.18676,0.5059,0.06379,0.52383,0.54617
Irritation,0.06539,0.58724,0.07213,0.47903,0.4586
Irritation,0.05962,0.51826,0.04029,0.46701,0.48203
Irritation,0.05599,0.56582,0.10631,0.53829,0.51771
Irritation,0.00738,0.40797,0.06053,0.57637,0.53833
Irritation,0.02303,0.43342,0.03937,0.50774,0.44695
Irritation,0.09981,0.51793,0.01664,0.50731,0.50992
Irritation,0.05834,0.5494,0.03234,0.46226,0.50724
Irritation,0.07864,0.4174,0.01179,0.41054,0.52714
Irritation,0.19753,0.52483,0.033,0.4218,0.48419
Irritation,0.00797,0.49645,0.05316,0.45996,0.50832
Irritation,0.11043,0.4711,0.11628,0.46364,0.45581
Irritation,0.1068,0.4558,0.07956,0.50335,0.57842
Irritation,0.0694,0.54976,0.11864,0.5111,0.48714
Irritation,0.05643,0.57257,0.03517,0.47091,0.51463
Irritation,0.19736,0.44181,0.0032,0.48622,0.53669
Irritation,0.01888,0.64912,0.02979,0.45196,0.52743
Irritation,0.12072,0.48337,0.05541,0.59915,0.52482
Irritation,0.10764,0.4449,0.08278,0.49218,0.4353
Irritation,0.27288,0.52992,0.02328,0.45944,0.58887
Irritation,0.18028,0.53803,0.05217,0.53444,0.51645
Irritation,0.09236,0.48433,0.0963,0.53005,0.45377
Irritation,0.13232,0.4752,0.07595,0.57538,0.50278
Irritation,0.05719,0.47297,0.01081,0.56527,0.51085
Irritation,0.01782,0.52416,0.10069,0.44121,0.50928
Irritation,0.02092,0.57201,0.09829,0.44983,0.42845
Irritation,0.08433,0.49478,0.02891,0.46712,0.51457
Irritation,0.20873,0.53381,0.03754,0.4387,0.41345
Irritation,0.13834,0.45803,0.05057,0.48645,0.52417
Irritation,0.07664,0.50572,0.04282,0.54346,0.58855
Irritation,0.02689,0.44705,0.0017,0.51743,0.53206
Irritation,0.12307,0.53501,0.04134,0.48906,0.55744
Irritation,0.00759,0.53995,0.04308,0.48912,0.48061
Irritation,0.00695,0.57916,0.02459,0.59651,0.4976
Irritation,0.06622,0.59454,0.10787,0.63711,0.44059
Irritation,0.03578,0.48573,0.05132,0.50533,0.48264
Irritation,0.03799,0.58879,0.08785,0.51926,0.44197
Irritation,0.08381,0.45214,0.01865,0.52399,0.51621
Irritation,0.00808,0.48071,0.01016,0.54066,0.48811
Irritation,0.03728,0.55282,0.01593,0.4618,0.56395
Irritation,0.0612,0.43521,0.08889,0.56067,0.53091
Irritation,0.09158,0.4368,0.0215,0.64526,0.49015
Irritation,0.10042,0.49233,0.01209,0.57487,0.52321
Irritation,0.13266,0.44993,0.0345,0.46548,0.49862
Irritation,0.09348,0.56151,0.0086,0.52944,0.43811
Irritation,0.02993,0.59839,0.01893,0.37944,0.44397
Irritation,0.08651,0.49245,0.047,0.48966,0.51611
Irritation,0.26104,0.50133,0.0194,0.57182,0.5133
Irritation,0.01107,0.52985,0.06149,0.46708,0.40753
Irritation,0.10673,0.47063,0.04702,0.54953,0.55294
Irritation,0.18168,0.50359,0.02841,0.56749,0.45289
Irritation,0.0418,0.54378,0.02447,0.4421,0.49272
Irritation,0.04962,0.48488,0.07194,0.53252,0.48972
Irritation,0.00733,0.50865,0.03612,0.52131,0.40063
Irritation,0.0279,0.48607,0.00844,0.52107,0.5254
Irritation,0.12777,0.58506,0.07594,0.45023,0.46429
Irritation,0.04257,0.45388,0.00992,0.50553,0.40716
Irritation,0.12719,0.41239,0.02152,0.54381,0.47226
Irritation,0.26225,0.50251,0.03143,0.58104,0.52566
Irritation,0.00621,0.48682,0.06706,0.60408,0.43313
Irritation,0.02013,0.5009,0.08258,0.46221,0.49715
Irritation,0.0768,0.56467,0.04441,0.51452,0.60908
Irritation,0.17129,0.5691,0.01343,0.56208,0.56013
Irritation,0.22742,0.54217,0.04493,0.55073,0.50978
Irritation,0.09841,0.51979,0.05851,0.53712,0.54708
Irritation,0.02794,0.48864,0.02021,0.49642,0.53753
Irritation,0.16455,0.46838,0.04907,0.49757,0.44702
Irritation,0.04296,0.49002,0.0235,0.46081,0.46331
Irritation,0.01369,0.56344,0.08369,0.45203,0.43732
Irritation,0.00269,0.46823,0.03799,0.53724,0.48111
Irritation,0.07853,0.39375,0.03883,0.53792,0.54432
Irritation,0.08752,0.50161,0.05199,0.52427,0.40001
Irritation,0.04145,0.5277,0.03658,0.43373,0.59208
Irritation,0.11649,0.54688,0.02076,0.48267,0.54734
Irritation,0.09376,0.53272,0.05195,0.4902,0.58849
Irritation,0.11909,0.53565,0.00863,0.59217,0.46155
Irritation,0.07836,0.50426,0.01413,0.45144,0.63593
Irritation,0.06192,0.48113,0.04657,0.38111,0.49534
Irritation,0.10396,0.5205,0.02028,0.48228,0.50813
Irritation,0.13862,0.48019,0.08411,0.51475,0.47046
Irritation,0.18983,0.47063,0.05316,0.54263,0.50239
Irritation,0.01416,0.56447,0.06268,0.43551,0.55976
Irritation,0.04487,0.54179,0.00378,0.51117,0.50347
Irritation,0.02264,0.46463,0.10736,0.50842,0.47949
Irritation,0.19693,0.49916,0.0142,0.46938,0.49199
Irritation,0.02254,0.4725,0.00428,0.52947,0.54706
Irritation,0.08548,0.48433,0.02501,0.55242,0.54069
Irritation,0.04636,0.51114,0.05246,0.54561,0.49975
Irritation,0.10737,0.5391,0.02829,0.52902,0.50806
Irritation,0.05357,0.54028,0.00295,0.48487,0.44297
Irritation,0.07488,0.6656,0.08375,0.4386,0.35121
Irritation,0.0452,0.49162,0.06182,0.5503,0.50795
Irritation,0.0769,0.53879,0.05801,0.53039,0.49967
Irritation,0.08177,0.45327,0.02514,0.40839,0.46539
Irritation,0.05072,0.51724,0.07515,0.53463,0.52463
Irritation,0.01015,0.48076,0.0028,0.44158,0.48134
Irritation,0.13626,0.46841,0.00556,0.50476,0.48482
Irritation,0.16491,0.5086,0.06646,0.52229,0.43875
Irritation,0.06937,0.55515,0.00216,0.48004,0.48517
Irritation,0.08935,0.50789,0.0797,0.49609,0.44691
Irritation,0.128,0.46696,0.03151,0.50922,0.54226
Irritation,0.15263,0.53833,0.07681,0.48771,0.41311
Irritation,0.24414,0.43673,0.05457,0.44255,0.52038
Irritation,0.02427,0.42134,0.04884,0.49085,0.50616
Irritation,0.02454,0.52177,0.04802,0.42949,0.47309
Irritation,0.13584,0.47882,0.01983,0.44027,0.48745
Irritation,0.03988,0.59487,0.01269,0.54894,0.50026
Irritation,0.04397,0.55599,0.00838,0.51704,0.48984
Irritation,0.05247,0.50164,0.0136,0.5189,0.58483
Irritation,0.11292,0.48256,0.00073,0.514,0.47964
Irritation,0.00637,0.60026,0.03319,0.55762,0.43242
Irritation,0.07061,0.53247,0.01781,0.46102,0.45283
Irritation,0.08668,0.56548,0.00814,0.53461,0.50262
Irritation,0.01278,0.45013,0.03833,0.54955,0.4878
Irritation,0.01599,0.40891,0.04676,0.55858,0.52499
Irritation,0.05527,0.51979,0.00833,0.47234,0.51332
Irritation,0.01582,0.52983,0.02276,0.48693,0.53887
Irritation,0.10762,0.50349,0.02764,0.47714,0.43941
Irritation,0.04721,0.43899,0.02073,0.51632,0.52635
Irritation,0.29378,0.54548,0.00547,0.505,0.55986
Irritation,0.02161,0.48753,0.08442,0.49675,0.61598
Irritation,0.12296,0.57839,0.10501,0.52512,0.48945
Irritation,0.11438,0.52222,0.00969,0.5243,0.46043
Irritation,0.03954,0.37772,0.11591,0.48593,0.52414
Irritation,0.0814,0.5464,0.05225,0.41597,0.46555
Irritation,0.00661,0.42408,0.00416,0.49154,0.45359
Irritation,0.16651,0.53831,0.01423,0.52857,0.51583
Irritation,0.03462,0.4506,0.03349,0.62497,0.48424
Irritation,0.1253,0.48686,0.09464,0.42719,0.4203
Irritation,0.00127,0.44945,0.02611,0.50443,0.58433
Irritation,0.13574,0.531,0.06644,0.51349,0.54045
Irritation,0.09468,0.52606,0.00066,0.48531,0.50301
Irritation,0.06045,0.49854,0.00148,0.45252,0.53565
Irritation,0.07329,0.52135,0.04006,0.50312,0.40526
Irritation,0.06231,0.45566,0.0356,0.5186,0.48606
Irritation,0.02877,0.59528,0.002,0.54274,0.49571
Irritation,0.08252,0.56023,0.06387,0.45323,0.44553
Irritation,0.0404,0.57603,0.01223,0.49526,0.4797
Irritation,0.08437,0.4742,0.02783,0.60146,0.54825
Irritation,0.03019,0.53681,0.04768,0.49772,0.45922
Irritation,0.08404,0.49573,0.00571,0.54911,0.45385
Irritation,0.05356,0.48252,0.02005,0.56,0.49086
Irritation,0.11217,0.52789,0.06054,0.52958,0.50857
Irritation,0.18347,0.52213,0.0347,0.44351,0.54015
Irritation,0.01002,0.49442,0.00477,0.48175,0.49574
Irritation,0.00191,0.50701,0.0031,0.40321,0.53618
Irritation,0.09032,0.57011,0.01321,0.54749,0.47808
Irritation,0.0368,0.33986,0.05698,0.43629,0.52039
Irritation,0.02045,0.49626,0.0035,0.45406,0.47077
Irritation,0.00351,0.49583,0.03066,0.43391,0.378
Irritation,0.04633,0.44786,0.09497,0.55191,0.49009
Irritation,0.11623,0.47633,0.00947,0.44126,0.42109
Irritation,0.00981,0.4502,0.11449,0.515,0.58602
Irritation,0.13676,0.50106,0.03438,0.4704,0.54554
Irritation,0.12415,0.53685,0.01843,0.4657,0.47358
Irritation,0.12287,0.56973,0.05472,0.53504,0.52986
Irritation,0.08934,0.51757,0.03025,0.50327,0.42932
Irritation,0.12725,0.5544,0.01359,0.41214,0.53722
Irritation,0.03957,0.4285,0.00678,0.50959,0.50558
Irritation,0.1039,0.54467,0.03637,0.42625,0.53393
Rage,0.86313,0.96983,0.02103,0.99228,0.99894
Rage,0.91274,0.93295,0.08843,0.84998,0.95568
Rage,0.96345,0.86892,0.02134,0.95539,0.91217
Rage,0.88307,0.90296,0.04638,0.97165,0.94543
Rage,0.9581,0.97651,0.01715,0.906,0.86723
Rage,0.89733,0.9684,0.04791,0.88537,0.97192
Rage,0.92781,0.81786,0.00884,0.80623,0.92996
Rage,0.9755,0.97338,0.02712,0.93127,0.92221
Rage,0.96792,0.94259,0.01808,0.94329,0.96203
Rage,0.98994,0.86961,0.07397,0.96277,0.97109
Rage,0.93524,0.80686,0.03895,0.93629,0.99118
Rage,0.7961,0.95745,0.0251,0.92697,0.98691
Rage,0.80389,0.97229,0.00206,0.84083,0.93659
Rage,0.95493,0.9245,0.06073,0.98951,0.92624
Rage,0.86627,0.8348,0.00304,0.92882,0.93823
Rage,0.98678,0.96826,0.04017,0.94792,0.97147
Rage,0.98095,0.79132,0.0135,0.9842,0.93585
Rage,0.96509,0.79116,0.07149,0.83984,0.91742
Rage,0.85347,0.90741,0.0378,0.98201,0.98708
Rage,0.92815,0.8842,0.0072,0.93871,0.97038
Rage,0.94704,0.85811,0.00989,0.87743,0.92775
Rage,0.96949,0.97082,0.03059,0.96082,0.94754
Rage,0.89087,0.9223,0.05149,0.82382,0.94739
Rage,0.9472,0.80608,0.01204,0.84065,0.91527
Rage,0.97119,0.91652,0.02366,0.92281,0.97404
Rage,0.90536,0.95594,0.03272,0.80346,0.90928
Rage,0.92588,0.78968,0.02786,0.97031,0.95895
Rage,0.91762,0.91619,0.03747,0.99145,0.94467
Rage,0.99216,0.89749,0.0466,0.79689,0.97533
Rage,0.95542,0.94252,0.0225,0.92817,0.99001
Rage,0.97008,0.94131,0.03488,0.88158,0.99667
Rage,0.79333,0.98788,0.02175,0.924,0.99778
Rage,0.99105,0.90646,0.13782,0.84974,0.96862
Rage,0.97179,0.93669,0.01711,0.9199,0.94099
Rage,0.98722,0.91995,0.01823,0.86487,0.98683
Rage,0.86454,0.90406,0.02248,0.77396,0.95277
Rage,0.91385,0.99194,0.05425,0.86199,0.98144
Rage,0.96005,0.88426,0.03161,0.99121,0.99724
Rage,0.95168,0.88194,0.02219,0.96321,0.96715
Rage,0.96028,0.88372,0.0231,0.88706,0.97953
Rage,0.96998,0.93115,0.00942,0.87803,0.99503
Rage,0.90086,0.93203,0.04057,0.83091,0.92268
Rage,0.96164,0.77603,0.05517,0.97296,0.96973
Rage,0.90866,0.88399,0.06326,0.9547,0.99707
Rage,0.95398,0.85357,0.01838,0.96849,0.92687
Rage,0.85541,0.89148,0.00091,0.9968,0.89473
Rage,0.99742,0.8995,0.00562,0.91944,0.97654
Rage,0.96867,0.99174,0.03317,0.99319,0.94358
Rage,0.93416,0.95935,0.072,0.96796,0.94902
Rage,0.94881,0.91552,0.01611,0.8631,0.95912
Rage,0.8815,0.89427,0.05066,0.95491,0.97725
Rage,0.93815,0.81097,0.0072,0.98277,0.97497
Rage,0.9292,0.65679,0.00884,0.91542,0.97373
Rage,0.92947,0.95743,0.04667,0.97513,0.97886
Rage,0.91196,0.95239,0.05111,0.8725,0.97618
Rage,0.99803,0.92938,0.03398,0.76873,0.97985
Rage,0.92845,0.90333,0.07844,0.87984,0.99288
Rage,0.98834,0.92496,0.01426,0.80414,0.99197
Rage,0.97175,0.97159,0.01876,0.99202,0.95997
Rage,0.99811,0.86348,0.03794,0.8743,0.96276
Rage,0.90501,0.95492,0.03044,0.97943,0.9281
Rage,0.96038,0.96778,0.09239,0.98308,0.99607
Rage,0.88467,0.9475,0.04823,0.92504,0.96117
Rage,0.96368,0.92784,0.04408,0.98604,0.94889
Rage,0.81223,0.98196,0.04415,0.99728,0.98601
Rage,0.97547,0.97943,0.06255,0.94781,0.97702
Rage,0.88761,0.90614,0.07744,0.88522,0.98196
Rage,0.6909,0.80374,0.02554,0.87692,0.9882
Rage,0.99609,0.75509,0.05483,0.93998,0.94868
Rage,0.92927,0.95461,0.06255,0.98304,0.93627
Rage,0.81296,0.96204,0.01499,0.9383,0.92078
Rage,0.82915,0.99098,0.03023,0.98986,0.97339
Rage,0.93828,0.86691,0.01485,0.8887,0.92746
Rage,0.95975,0.88273,0.09453,0.86261,0.99704
Rage,0.943,0.97299,0.08049,0.91386,0.975
Rage,0.95953,0.99509,0.05256,0.97311,0.98815
Rage,0.9319,0.8296,0.05761,0.82652,0.92429
Rage,0.93492,0.94396,0.03472,0.97588,0.94695
Rage,0.79672,0.97668,0.03061,0.96486,0.98408
Rage,0.96845,0.95134,0.05792,0.89905,0.94323
Rage,0.91528,0.98558,0.02626,0.86634,0.95317
Rage,0.76617,0.95085,0.00645,0.97532,0.92703
Rage,0.90583,0.93344,0.02389,0.92564,0.96078
Rage,0.91839,0.92268,0.01788,0.87776,0.9397
Rage,0.9962,0.96225,0.03168,0.94579,0.98167
Rage,0.96913,0.88027,0.04704,0.9346,0.93488
Rage,0.96707,0.94412,0.04034,0.88017,0.92359
Rage,0.98848,0.99756,0.00088,0.90564,0.99551
Rage,0.99435,0.93318,0.00264,0.99324,0.94484
Rage,0.88416,0.92914,0.07968,0.94539,0.9649
Rage,0.91245,0.97922,0.01345,0.97831,0.99474
Rage,0.89376,0.8669,0.01858,0.89568,0.94528
Rage,0.86636,0.91719,0.08344,0.98024,0.96531
Rage,0.81577,0.94906,0.00564,0.8996,0.92384
Rage,0.89667,0.98399,0.02013,0.98822,0.9731
Rage,0.96247,0.95229,0.04787,0.996,0.98571
Rage,0.94293,0.9847,0.03227,0.86969,0.93324
Rage,0.94506,0.9452,0.01014,0.88432,0.93009
Rage,0.98027,0.93867,0.00337,0.97336,0.97056
Rage,0.92228,0.86001,0.07426,0.95172,0.92992
Rage,0.98921,0.97308,0.0131,0.97666,0.97836
Rage,0.87725,0.99724,0.02365,0.94382,0.97927
Rage,0.97064,0.96015,0.05132,0.95481,0.97214
Rage,0.9637,0.89004,0.01953,0.90236,0.95078
Rage,0.79214,0.98319,0.07189,0.99794,0.94202
Rage,0.9673,0.98318,0.09679,0.91771,0.97758
Rage,0.93453,0.73522,0.0059,0.86107,0.92604
Rage,0.8881,0.89825,0.01336,0.90717,0.90774
Rage,0.87868,0.93889,0.05433,0.93733,0.97047
Rage,0.94966,0.98283,0.08226,0.99757,0.96947
Rage,0.76705,0.86087,0.07039,0.97537,0.91135
Rage,0.93882,0.8892,0.00858,0.9244,0.95905
Rage,0.90143,0.87681,0.03717,0.9342,0.94322
Rage,0.88143,0.98471,0.00588,0.91186,0.98927
Rage,0.96392,0.95289,0.00825,0.86868,0.996
Rage,0.88552,0.88809,0.04474,0.8381,0.94831
Rage,0.86706,0.94951,0.057,0.967,0.99467
Rage,0.88816,0.99579,0.03629,0.91978,0.99039
Rage,0.94979,0.97831,0.02192,0.94829,0.95128
Rage,0.98609,0.89358,0.00392,0.84102,0.97878
Rage,0.91887,0.97104,0.0315,0.79703,0.96756
Rage,0.87092,0.95526,0.07657,0.99369,0.98327
Rage,0.81632,0.90771,0.00018,0.84691,0.97127
Rage,0.9943,0.96477,0.02233,0.8944,0.97988
Rage,0.9591,0.94742,0.02388,0.91921,0.98672
Rage,0.97455,0.99122,0.04069,0.95104,0.97623
Rage,0.99226,0.89486,0.05919,0.84417,0.96185
Rage,0.94691,0.95503,0.04675,0.75457,0.99791
Rage,0.98332,0.96733,0.02278,0.93933,0.93015
Rage,0.95605,0.96185,0.00132,0.95433,0.9005
Rage,0.93058,0.99566,0.03709,0.88527,0.99773
Rage,0.99925,0.89342,0.04914,0.75705,0.93497
Rage,0.89131,0.96945,0.08728,0.93467,0.9466
Rage,0.94034,0.83357,0.06166,0.8835,0.93288
Rage,0.95702,0.76056,0.00159,0.86645,0.96329
Rage,0.8764,0.97296,0.0076,0.86128,0.95304
Rage,0.94555,0.98591,0.08946,0.89878,0.99338
Rage,0.92048,0.95788,0.08441,0.93125,0.99072
Rage,0.93372,0.87511,0.00436,0.96007,0.92981
Rage,0.95724,0.80588,0.07528,0.99251,0.90258
Rage,0.94703,0.77766,0.05355,0.83502,0.95234
Rage,0.83828,0.93824,0.0584,0.99934,0.9298
Rage,0.99382,0.88633,0.08924,0.91043,0.9105
Rage,0.71094,0.88745,0.00809,0.89151,0.98303
Rage,0.92901,0.86504,0.03058,0.99786,0.98649
Rage,0.98438,0.96869,0.04355,0.92394,0.92865
Rage,0.90801,0.97446,0.01742,0.79403,0.92009
Rage,0.92947,0.83158,0.06391,0.94142,0.97106
Rage,0.92329,0.89001,0.02385,0.91275,0.97585
Rage,0.79253,0.9413,0.00898,0.83563,0.99315
Rage,0.96566,0.91432,0.0277,0.80168,0.92079
Rage,0.88972,0.91185,0.00152,0.96836,0.99869
Rage,0.64785,0.91033,0.03184,0.89383,0.95715
Rage,0.89014,0.9692,0.03903,0.91779,0.95371
Rage,0.81566,0.85949,0.04855,0.81099,0.90445
Rage,0.98284,0.90012,0.01541,0.8633,0.96645
Rage,0.91735,0.87882,0.0253,0.85308,0.96872
Rage,0.88494,0.96224,0.00321,0.99152,0.93682
Rage,0.73436,0.94276,0.01336,0.87599,0.994
Rage,0.84588,0.87706,0.01178,0.96397,0.97262
Rage,0.93382,0.97107,0.03602,0.99671,0.98312
Rage,0.89017,0.99525,0.02209,0.97431,0.97311
Rage,0.87792,0.95569,0.06538,0.93463,0.9824
Rage,0.91561,0.88041,0.05446,0.95633,0.8846
Rage,0.96529,0.88397,0.01371,0.94433,0.96999
Rage,0.94109,0.94222,0.01487,0.98968,0.96773
Rage,0.92583,0.90753,0.02396,0.9309,0.96547
Rage,0.99357,0.90911,0.02126,0.9891,0.97432
Rage,0.97701,0.92763,0.01201,0.89041,0.97747
Rage,0.95431,0.90532,0.04838,0.94661,0.98168
Rage,0.99476,0.89546,0.04659,0.79225,0.92318
Rage,0.84155,0.98221,0.0693,0.8816,0.99059
Rage,0.8915,0.92954,0.03749,0.87782,0.95579
Rage,0.88219,0.8993,0.08793,0.90114,0.8793
Rage,0.88467,0.93269,0.0127,0.99682,0.96074
Rage,0.95962,0.96969,0.08947,0.99794,0.93282
Rage,0.973,0.95851,0.00042,0.98617,0.95069
Rage,0.99112,0.93223,0.05088,0.95861,0.93356
Rage,0.95973,0.894,0.0691,0.89781,0.98172
Rage,0.98613,0.90893,0.05023,0.9246,0.96096
Rage,0.85442,0.86946,0.00387,0.99565,0.97849
Rage,0.85013,0.91402,0.03374,0.99941,0.98009
Rage,0.92217,0.92444,0.02735,0.97377,0.99218
Rage,0.86724,0.80128,0.03969,0.82293,0.93532
Rage,0.98341,0.91668,0.04104,0.82763,0.9646
Rage,0.85483,0.92551,0.02155,0.78626,0.96589
Rage,0.88355,0.92685,0.0495,0.76118,0.99986
Rage,0.79374,0.95173,0.03034,0.85609,0.91671
Rage,0.92447,0.99253,0.00457,0.99822,0.97929
Rage,0.87304,0.99007,0.01894,0.81283,0.99712
Rage,0.89497,0.94809,0.02369,0.89157,0.99232
Rage,0.89767,0.99773,0.01887,0.87825,0.92854
Rage,0.86018,0.99888,0.03799,0.99517,0.99554
Rage,0.93179,0.79463,0.02938,0.86139,0.99431
Rage,0.99719,0.8633,0.05602,0.96516,0.9198
Rage,0.82529,0.97048,0.01919,0.86436,0.97956
Rage,0.92733,0.87079,0.00526,0.98682,0.98828
Rage,0.98909,0.96324,0.01374,0.90933,0.99581
Rage,0.98256,0.93244,0.00279,0.89034,0.97497
Rage,0.91279,0.97026,0.0123,0.98858,0.92394
Rage,0.82913,0.95369,0.06867,0.97079,0.97529
Rage,0.88303,0.91168,0.02468,0.99543,0.99492
Rage,0.99689,0.97528,0.05136,0.89633,0.97291
Rage,0.94397,0.92327,0.03243,0.93483,0.96137
Rage,0.95431,0.95082,0.01674,0.90813,0.96109
Rage,0.84327,0.91035,0.11092,0.84018,0.95797
Rage,0.99189,0.79837,0.02539,0.90695,0.99864
Rage,0.95109,0.7524,0.06844,0.85473,0.99657
Rage,0.86759,0.95726,0.03312,0.86711,0.91825
Rage,0.98949,0.95489,0.00751,0.75381,0.95768
Rage,0.92614,0.90688,0.00754,0.98635,0.99959
Rage,0.96102,0.8924,0.02004,0.93267,0.97479
Rage,0.98955,0.98334,0.04723,0.98541,0.85652
Rage,0.95896,0.88263,0.00856,0.93319,0.98987
Rage,0.91095,0.90466,0.02401,0.98306,0.91004
Rage,0.91874,0.82643,0.14709,0.92579,0.98267
Rage,0.86649,0.95501,0.00757,0.87946,0.94489
Rage,0.89372,0.97986,0.00163,0.97152,0.94379
Rage,0.93905,0.99109,0.06304,0.93097,0.91562
Rage,0.96052,0.88161,0.04203,0.94505,0.98732
Rage,0.97764,0.90665,0.0068,0.85315,0.96705
Rage,0.96948,0.92501,0.02801,0.97083,0.97822
Rage,0.89091,0.99115,0.00557,0.92697,0.97664
Rage,0.97922,0.93571,0.02438,0.98929,0.9193
Rage,0.96487,0.99082,0.02817,0.98656,0.9844
Rage,0.95088,0.96765,0.03261,0.87912,0.9964
Rage,0.99337,0.88838,0.04044,0.91147,0.97554
Rage,0.87028,0.96496,0.00505,0.98284,0.96648
Rage,0.84569,0.83785,0.02973,0.94105,0.97001
Rage,0.85731,0.96774,0.05114,0.9539,0.93533
Rage,0.97885,0.97471,0.04426,0.98693,0.9544
Rage,0.96057,0.96727,0.04665,0.98239,0.95514
Rage,0.91368,0.9891,0.05359,0.96851,0.90282
Rage,0.86595,0.99712,0.0403,0.94665,0.98807
Rage,0.99064,0.95714,0.01182,0.98085,0.89044
Rage,0.99209,0.88906,0.04078,0.96169,0.91578
Rage,0.9253,0.96098,0.00558,0.8645,0.93452
Rage,0.99234,0.96507,0.03343,0.89619,0.93263
Rage,0.97189,0.94015,0.00109,0.92096,0.84331
Rage,0.93084,0.96543,0.03221,0.9992,0.93183
Rage,0.99141,0.89968,0.02046,0.97287,0.96032
Rage,0.9411,0.83618,0.05509,0.88075,0.97218
Rage,0.91733,0.96457,0.038,0.98586,0.9316
Rage,0.94678,0.88565,0.0283,0.95913,0.96574
Rage,0.92335,0.90002,0.02331,0.91053,0.90674
Rage,0.80725,0.95231,0.02971,0.94007,0.9605
Rage,0.85733,0.81211,0.09609,0.88865,0.95628
Rage,0.81463,0.94247,0.06549,0.96464,0.95681
Rage,0.92587,0.90346,0.02132,0.95112,0.9269
Rage,0.88594,0.86326,0.02258,0.93068,0.91848
Rage,0.98949,0.93912,0.04449,0.91876,0.9518
Rage,0.93417,0.93001,0.06835,0.82992,0.92138
Rage,0.84239,0.94965,0.03614,0.75956,0.95719
Rage,0.89041,0.93344,0.07329,0.87018,0.99161
Rage,0.98961,0.91251,0.03511,0.92288,0.93663
Rage,0.83516,0.94458,0.02579,0.99482,0.9896
Rage,0.95001,0.95965,0.03043,0.96551,0.97916
Rage,0.87337,0.99795,0.03638,0.84078,0.97982
Rage,0.9716,0.89621,0.02035,0.94401,0.97682
Rage,0.88665,0.9339,0.03972,0.94988,0.95864
Rage,0.91096,0.92945,0.02985,0.97919,0.98162
Rage,0.95855,0.85396,0.0417,0.93553,0.99729
Rage,0.9917,0.9243,0.0626,0.94768,0.90932
Rage,0.91763,0.8903,0.0627,0.85515,0.93559
Rage,0.98746,0.90519,0.06911,0.9156,0.97538
Rage,0.93626,0.85452,0.02875,0.98138,0.9584
Rage,0.78374,0.90662,0.07818,0.95133,0.85906
Rage,0.8258,0.93107,0.04107,0.87681,0.99269
Rage,0.87671,0.96712,0.03581,0.93272,0.91378
Rage,0.87532,0.9086,0.04667,0.97968,0.99168
Rage,0.90001,0.92048,0.02775,0.96507,0.96748
Rage,0.82777,0.94029,0.03089,0.86395,0.92574
Rage,0.85461,0.91013,0.00962,0.92749,0.94572
Rage,0.96649,0.87461,0.0415,0.83963,0.91914
Rage,0.92897,0.99501,0.01405,0.9079,0.96126
Rage,0.94857,0.99189,0.01525,0.96467,0.88417
Rage,0.99666,0.94835,0.01053,0.90436,0.98524
Rage,0.87379,0.93441,0.0466,0.88369,0.88622
Rage,0.95983,0.90955,0.0219,0.90621,0.91564
Rage,0.94648,0.81601,0.0855,0.9481,0.93553
Rage,0.97007,0.92713,0.15041,0.89464,0.94307
Rage,0.82329,0.85203,0.07191,0.85072,0.91241
Rage,0.95494,0.92435,0.0067,0.84794,0.98417
Rage,0.98174,0.82048,0.06096,0.86786,0.98125
Rage,0.76858,0.93352,0.05354,0.96477,0.95543
Rage,0.97858,0.90357,0.0011,0.86905,0.97478
Rage,0.9111,0.99916,0.04067,0.96229,0.95914
Rage,0.98564,0.96418,0.04818,0.76051,0.98937
Rage,0.98648,0.89816,0.04888,0.9971,0.95393
Rage,0.96492,0.91189,0.03595,0.99092,0.99708
Rage,0.93977,0.84662,0.02063,0.90565,0.94602
Rage,0.98061,0.95194,0.03107,0.98083,0.96816
Rage,0.95099,0.83486,0.04728,0.98151,0.89925
Rage,0.92215,0.97059,0.03428,0.96032,0.98457
Rage,0.9683,0.91893,0.01741,0.97339,0.97974
Rage,0.99905,0.97748,0.02634,0.90154,0.9795
Rage,0.94072,0.87039,0.04064,0.9213,0.98058
Rage,0.97524,0.96224,0.04942,0.97152,0.99085
Rage,0.93534,0.99495,0.02091,0.98986,0.98012
Rage,0.99163,0.95496,0.04456,0.72285,0.98392
Rage,0.92065,0.93705,0.04387,0.90331,0.96614
Rage,0.83183,0.91464,0.06118,0.74478,0.87445
Rage,0.82687,0.94836,0.07254,0.96756,0.99568
Rage,0.88492,0.95327,0.02751,0.94597,0.98141
Rage,0.99744,0.84873,0.0054,0.99233,0.97995
Rage,0.89559,0.92575,0.01821,0.95739,0.96039
Rage,0.84026,0.82093,0.02136,0.94511,0.95942
Rage,0.92114,0.95581,0.04809,0.99806,0.9559
Rage,0.88812,0.97701,0.03252,0.85497,0.99019
Rage,0.8808,0.96277,0.05541,0.98906,0.94535
Rage,0.94635,0.88752,0.05315,0.99456,0.90241
Rage,0.95584,0.77744,0.01662,0.99913,0.99465
Rage,0.90853,0.84968,0.0558,0.93976,0.95591
Rage,0.92199,0.98583,0.0509,0.83725,0.98724
Rage,0.84002,0.91676,0.05397,0.90094,0.9784
Rage,0.8862,0.94143,0.00173,0.95452,0.99483
Rage,0.9535,0.88491,0.08952,0.94755,0.99518
Rage,0.83338,0.99492,0.02028,0.89933,0.92551
Rage,0.95593,0.76879,0.03522,0.99728,0.94157
Rage,0.88331,0.98499,0.0394,0.89885,0.92312
Rage,0.97133,0.91743,0.03069,0.90192,0.9848
Rage,0.97944,0.99094,0.02521,0.98505,0.97343
Rage,0.96967,0.91672,0.03326,0.94201,0.99018
Rage,0.87354,0.98105,0.01592,0.97372,0.9377
Rage,0.93142,0.95525,0.0237,0.99551,0.94339
Rage,0.98415,0.93384,0.03165,0.94565,0.95028
Rage,0.93404,0.87026,0.06983,0.99234,0.91071
Rage,0.97013,0.74719,0.04576,0.89645,0.93068
Rage,0.95751,0.90283,0.0611,0.89659,0.93943
Rage,0.99799,0.86236,0.04491,0.95442,0.95987
Rage,0.98583,0.83577,0.10952,0.89266,0.92359
Rage,0.94846,0.96892,0.07999,0.94786,0.98411
Rage,0.96256,0.90601,0.03473,0.77551,0.89198
Rage,0.8472,0.82803,0.05121,0.91447,0.97778
Rage,0.97745,0.83646,0.15841,0.86841,0.90414
Rage,0.92312,0.85924,0.02667,0.7676,0.98902
Rage,0.95448,0.93993,0.06627,0.86174,0.98232
Rage,0.89666,0.88067,0.02639,0.91913,0.95548
Rage,0.96754,0.94139,0.07588,0.88756,0.98995
Rage,0.83413,0.98107,0.04721,0.81948,0.95985
Rage,0.76882,0.8626,0.03131,0.91044,0.94809
Rage,0.97519,0.98371,0.02844,0.99442,0.98613
Rage,0.93578,0.87059,0.01441,0.97088,0.97629
Rage,0.89949,0.97954,0.06807,0.95149,0.98764
Rage,0.93863,0.98726,0.06017,0.8561,0.95498
Rage,0.99927,0.94501,0.04961,0.88865,0.99993
Rage,0.8861,0.95709,0.06017,0.82393,0.97136
Rage,0.9349,0.97932,0.03586,0.98418,0.95599
Rage,0.83179,0.90882,0.02896,0.99453,0.94248
Rage,0.8489,0.8556,0.01671,0.9486,0.98928
Rage,0.98988,0.95651,0.05121,0.9109,0.99378
Rage,0.93316,0.94447,0.11451,0.95943,0.97493
Rage,0.94315,0.82825,0.11652,0.93497,0.94828
Rage,0.96657,0.88012,0.00229,0.97939,0.99329
Rage,0.91569,0.84049,0.00894,0.88393,0.92592
Rage,0.92401,0.93557,0.02268,0.82608,0.93892
Rage,0.99164,0.90634,0.02915,0.98356,0.9941
Rage,0.94341,0.93556,0.02429,0.97471,0.94305
Rage,0.95685,0.97257,0.04011,0.93128,0.99204
Rage,0.97285,0.87867,0.02321,0.86926,0.99274
Rage,0.98581,0.92511,0.06575,0.93759,0.95431
Rage,0.84563,0.95514,0.01134,0.89884,0.97539
Rage,0.90551,0.96352,0.09475,0.94227,0.9733
Rage,0.86125,0.82437,0.01526,0.95977,0.91938
Rage,0.82532,0.88102,0.10832,0.91352,0.92388
Rage,0.99153,0.96327,0.04261,0.88556,0.99457
Rage,0.96055,0.97895,0.11503,0.99186,0.95059
Rage,0.96331,0.88389,0.01115,0.88866,0.96377
Rage,0.83639,0.96855,0.08298,0.91232,0.99544
Rage,0.84971,0.95545,0.01665,0.91863,0.93214
Rage,0.90575,0.95104,0.04678,0.99569,0.99191
Rage,0.98987,0.93552,0.12495,0.92462,0.90565
Rage,0.96438,0.93204,0.04821,0.90379,0.99589
Rage,0.87219,0.81751,0.06073,0.89864,0.99975
Rage,0.93398,0.99769,0.10156,0.97512,0.96054
Rage,0.91885,0.93346,0.02526,0.94507,0.95223
Rage,0.98855,0.99529,0.03609,0.90054,0.97292
Rage,0.92061,0.89356,0.02549,0.96508,0.99682
Rage,0.97945,0.96652,0.04586,0.86647,0.92419
Rage,0.91462,0.92253,0.04983,0.93368,0.9924
Rage,0.88338,0.94932,0.03388,0.9635,0.9998
Rage,0.92677,0.84072,0.06931,0.87829,0.98495
Rage,0.95583,0.94078,0.07707,0.79334,0.94824
Rage,0.93839,0.82803,0.05152,0.97647,0.98228
Rage,0.96216,0.99622,0.05624,0.85863,0.91515
Rage,0.94555,0.94828,0.03876,0.99919,0.87792
Rage,0.92005,0.8644,0.00411,0.98709,0.97445
Rage,0.93333,0.95035,0.01865,0.95968,0.92244
Rage,0.94297,0.96665,0.05852,0.94904,0.97936
Rage,0.88477,0.90695,0.01307,0.96659,0.9759
Rage,0.91236,0.94965,0.00856,0.89961,0.91633
Rage,0.94117,0.82028,0.00099,0.92429,0.93119
Rage,0.92809,0.98216,0.05896,0.91638,0.92898
Rage,0.97005,0.89065,0.05343,0.94894,0.9423
Rage,0.94458,0.91965,0.06286,0.91526,0.95271
Rage,0.92691,0.97763,0.06759,0.9676,0.95838
Rage,0.98662,0.99351,0.0789,0.92434,0.99438
Rage,0.96875,0.89337,0.05165,0.9915,0.95499
Rage,0.96594,0.84515,0.07892,0.83026,0.96302
Rage,0.9794,0.87842,0.01603,0.75516,0.96053
